0,1,2,3,4,5,6,7,8,9,10,11,12,13,14,15
-1.2153968742185297,1.8629565213159176,0.594610966003831,-0.3771746713659818,0.4518974366751847,0.3027268228209451,0.16453412421902325,-0.03207759588063471,0.3304199743976305,5.9135462501260686e-15,4.711439247325276e-16,-0.050610927550123225,0.8037570791739177,-0.7161364646380525,-0.24260996292861045,0.4941707569600434
-1.1548920380977452,2.0404310931365988,0.6120886970201139,-0.34537700992474696,0.28735805387573476,0.2646643843729718,0.19915970712770806,0.043582182783092144,0.4149634939422846,7.377931097385861e-15,-1.2488992716528868e-15,-0.26313964863819556,1.0031212122368156,-0.6697709987695636,-0.018498203949006416,0.32287668593200725
-1.1913681978719803,2.4604828479293555,0.6850611775899275,-0.3178599576009349,0.0012329382160132438,0.22398869387529313,0.3610675697736958,0.2828864272939556,0.6107781476382951,1.2150741389847142e-14,-7.627477862166862e-16,-0.6030020789546677,1.5264186111557199,-0.5613199417941734,0.4058080170628411,0.061571207101886155
-1.2662303992858506,2.079493140066993,0.6521244430392922,-0.37432871621510366,0.2719189672076882,0.3621360315044224,0.20608480855907244,0.04291614995214058,0.3758704400204099,6.5605400332723535e-15,2.224962568255217e-16,-0.22018330999380029,0.900884597786571,-0.6625307956409909,-0.006377352431024131,0.3170528775017766
-1.0932265684803486,1.772857919694598,0.5518253466573674,-0.35130200206804074,0.47257607547860064,0.244779212766419,0.10656905333323213,-0.092644879190978,0.31808392962373205,5.8104896139358065e-15,4.1368546326337454e-16,-0.06999678950884713,0.7482644185532187,-0.7375594040861408,-0.2840099153535859,0.4920269344851139
-0.8306282058453542,-0.6679150202910293,0.286747156255018,-1.0825094654095622,-0.14255992214215293,0.592003403810012,-0.6204938490670914,-0.14574279015382896,0.48973574103953194,9.67756536212775e-15,8.862060239712445e-16,-0.0113238114458495,0.4718375612958867,-0.2832673341556679,0.08467918743915166,-1.0200797440214509
-0.7782334110962351,-0.5268344434018857,0.273985559299329,-1.0509542329695725,-0.18340149541509448,0.4305978637597276,-0.49288684987186676,0.020291897037065028,0.6564283541883518,1.3070388654373159e-14,1.4983854583218027e-15,-0.14157409764155426,0.9592315333526246,-0.2426177815265178,0.19923221727507892,-1.0360175478875289
-0.7239465098128504,-0.3588759725024191,0.2644767294491493,-1.0163818537047304,-0.2425789599594148,0.2620494191139084,-0.35414941116617865,0.20301201837393062,0.8383344929517329,1.6927556145817863e-14,6.760970877396627e-16,-0.2963014639363743,1.487480877144567,-0.194900705280367,0.34171245258914057,-1.0688506736626269
-0.6820602128047193,-0.3109236445557234,0.24322188630235692,-0.9967437405830016,-0.2250461948764628,0.13692725258975977,-0.2715477215948671,0.3039312310357556,0.9442311965429984,1.8720964971180625e-14,-4.09957286131976e-16,-0.34157710324683016,1.8079098664771849,-0.1790698398159867,0.36248345660283604,-1.033019789858716
-0.6461839460536345,-1.6960242886210015,0.9346050354319512,-1.264722772604852,0.3300664857353958,-0.22263617719473297,-0.5092126139925622,-0.809348357571045,-0.5868687845801737,-1.213478666987512e-14,3.613577096854076e-15,0.5184214704754317,-1.0442313144558784,0.28881382908615416,1.3011440546455966,0.2166426222146831
-0.5323619941380988,-1.778896133741928,0.840504207701427,-1.2297330735258531,0.5427180219447717,-0.549782795475478,-0.3485794983806575,-0.6397216344964004,-0.38907905681835053,-8.23325116056029e-15,1.9292196612558747e-15,0.5888992443314843,-0.4010723250985384,0.2770332503621308,1.124765545600079,0.4737208248732644
-0.3559461195140032,-1.9073415591864855,0.6946546633248675,-1.1755015455826647,0.8723126749900233,-1.0568366266831914,-0.09960967219724613,-0.37681236078232,-0.08251914260551765,-2.2369800369516027e-15,1.253411386777257e-15,0.6981347468609211,0.5957780514792823,0.2587741969528308,0.8513914871298006,0.8721736294997318
-0.2879314956543489,-1.9568618606713695,0.6384244520583875,-1.1545933536058939,0.9993831917493148,-1.2523239980984553,-0.003622907308031715,-0.275451440746183,0.03567065919129745,-1.1147770117932682e-16,6.740479310819317e-16,0.740248936598612,0.9800994939331606,0.2517346793792955,0.7459960186127997,1.025791424328224
-0.4308182692311276,-2.0181301277675447,0.7217360712706382,-1.215024426792869,0.8620357661095633,-0.802928267551705,-0.27143070501872796,-0.5800285631358633,-0.2870383526917902,-6.6924405974352415e-15,1.834788136169905e-15,0.8086850389495114,-0.035868307826085806,0.21524139906810885,0.7571185210983078,0.8116429351265626
-0.43172327939235855,-1.8979401199569903,0.7428621191094001,-1.2049995830351699,0.7678231554264741,-0.8075382515560435,-0.23691830077356377,-0.5227204732236319,-0.23816140615402873,-4.961233694719842e-15,2.930000546112692e-15,0.6996214838438496,0.08662211780829299,0.24606171432465954,0.8890666485792129,0.7200470007551347
-0.43341263339396596,-1.6735852128573003,0.7822974481071274,-1.186286522516095,0.5919594384464423,-0.8161435636936007,-0.17249508132910937,-0.41574526436446496,-0.14692434743713212,-3.693000881489018e-15,-3.703081281867263e-16,0.4960359760347446,0.31527114250191374,0.30359302738577093,1.1353700678253198,0.5490677511406258
-0.42910366088679086,-1.833974594196925,0.7473606239282282,-1.2000698968882912,0.722867878459133,-0.7992719334928172,-0.2249601077295668,-0.4937266002394888,-0.20900239423606534,-4.7489609742228414e-15,9.788389678669544e-16,0.646166902523692,0.1496577175129284,0.25667736321038426,0.9364774385226199,0.6661095695800004
-0.436602917439739,-1.848616703803478,0.7613366286151609,-1.2002960341729798,0.7216230084012386,-0.8250131669841482,-0.21343791471152995,-0.4970136760434479,-0.22267739710206694,-7.273893730213497e-15,5.338064143393261e-16,0.648192609439295,0.140021110347132,0.2671221802864577,0.9763772699521129,0.6900022267607283
-0.4370266096963172,-1.8494439522669042,0.7621262435485802,-1.200308810454971,0.7215526758555721,-0.8264674926533708,-0.21278693498759715,-0.49719938892779786,-0.22345000606431498,-5.06348712983155e-15,6.43376124497234e-16,0.6483070576286829,0.13947666226657895,0.26771229053075446,0.9786315266902432,0.6913521117480039
1.0702765993046743,-2.3470315704912768,-0.3471839801042704,-0.25229483445844375,0.987502485389287,1.7593468418951725,1.8998571480382966,-0.7097555904183781,1.834113505532745,3.942113886164861e-14,1.5502748829932143e-15,-0.5027672309435892,-0.8929535764318167,-0.4398299490908769,-0.43421419989807336,0.08462259393990391
0.8834936282100164,-2.3252503287998323,-0.018402866344799665,-0.25360593087051253,0.6786028627850237,1.4638189289776087,2.0886583870666975,-0.7369973284626075,1.596994013906608,3.534310188956579e-14,1.7956775991287345e-16,-0.715070728441825,-1.1325941394950114,-0.19316953305225942,0.5996066462198416,0.19418362021563831
1.1119298707913714,-1.9301944386772065,-0.3053870505676719,-0.20094674180650557,0.7191997631582618,1.6126503134632866,2.092529483800425,-0.4282461667545113,2.095226126661856,4.523529878275107e-14,8.700999603192544e-16,-0.8828847389515756,-0.18022304402914394,-0.32919309458661444,-0.010390323132176794,-0.15631171893330056
0.9238960683860316,-2.206524329918749,0.009918010422521136,-0.21600850391189091,0.6303230789587015,1.1808569456190998,2.2815820838072476,-0.5462993735031081,1.7552502574070947,3.8717991512854984e-14,3.4032169134022105e-16,-0.8622175339073472,-0.5697273567501708,-0.11097646549747055,0.8623086037451797,0.2583338320069925
0.7968684363020766,-2.293037392478955,0.1841785802374124,-0.2365436111198177,0.5066730436266953,1.1248164288523381,2.299151682320444,-0.6653594239556935,1.5287832044003926,3.4427319599836234e-14,4.855263754157623e-16,-0.8814864007112548,-0.9959866185857563,-0.011734770584996754,1.3109605177619421,0.3350037830916689
1.1209919093401832,-1.5575320495681952,-0.24822209614580346,-0.1654704451856937,0.4425677040045521,1.5637239374133522,2.2188753426446866,-0.22862892713721814,2.2710449039898064,4.918433665796644e-14,-1.0939895006328101e-17,-1.221543438230785,0.2758583042256131,-0.23263840641709657,0.3897758056919339,-0.4199834545977409
0.8557480716306386,-2.058761411182714,0.18973175002702347,-0.19217889687113143,0.4004138745598124,0.9086294007559377,2.4827587397090625,-0.4305443706020974,1.7529589638886243,3.916467338653791e-14,-4.63524917030051e-16,-1.1038213218804924,-0.3336371142851587,0.06266156456843992,1.5537154103203978,0.27641661102258547
1.0774106302200914,-2.0635089242460922,-0.30386106353925674,-0.22521566978372282,0.7773526148147573,1.7214243135791352,1.9963718314525838,-0.5574435177001344,1.9683669452384642,4.2514262284678857e-14,1.1598376709000597e-15,-0.7604297652075592,-0.5444253983371575,-0.36635081157856825,-0.12994739142415096,-0.1155691676878476
1.115951098583305,-1.7841079475524013,-0.2833073662168333,-0.18686621569194317,0.6113695950450978,1.5921026710030184,2.1428218865827664,-0.34912847650303197,2.1651072058643828,4.6780163670187005e-14,3.6528554492319673e-16,-1.0156610837167512,0.0015779352634203902,-0.2913036988370843,0.14612413872534033,-0.2588698640086962
1.122343145129055,-1.5148904468908924,-0.2419018853911522,-0.16129474778121,0.4113243943037399,1.5572083540245076,2.233844478535552,-0.20520715411492277,2.291805615368092,4.96622499117739e-14,-2.0311936984758374e-16,-1.260307307793031,0.33006544554785655,-0.2215639154481453,0.435327372095478,-0.4496154191433733
1.6248648256807672,-1.4542934247534998,-1.789277135223437,1.0884712177668983,-0.41570625039550085,0.7783407232899547,2.350473680145092,-0.23755994494420943,1.9776326112041933,4.339351945404339e-14,-5.43439952924536e-16,-0.940308273627647,0.5470112212954472,1.2363489169169157,0.1189829692554244,-0.38702413654377654
1.6157670618546842,-1.6301482613255647,-1.8128649357827331,1.0699456368506652,-0.2914576466149445,0.8154981967155038,2.282997102574099,-0.34066493854997765,1.8848058705638142,4.131516487041414e-14,-3.7928702527848953e-16,-0.7802982240215446,0.30080022917582677,1.1903825661771001,-0.06621308768286566,-0.27086048722536227
1.5995155274459614,-1.7147770422718376,-1.8158740511896676,1.056635263769293,-0.24715527128434714,0.8680276810962101,2.231179736927512,-0.4122201761428925,1.815852710759512,3.974951273720266e-14,-3.3778801754850467e-16,-0.7027993028764746,0.10599351437961918,1.1672682835824582,-0.14637973973146753,-0.23529808036912783
1.5617213498707307,-1.8920882055270098,-1.8195476739533383,1.0273617503549208,-0.15922011400205907,0.9890126065607452,2.116512993762796,-0.569058439810505,1.6637269067322422,3.6558204141015184e-14,5.64970749103151e-16,-0.5402701519302849,-0.3262278005365525,1.118526801606528,-0.3115170295624769,-0.16720389130661345
0.9871516750396979,-1.8216499870816594,-1.4366821236487628,0.7489646243702393,-0.17079666673544416,1.4453679212266612,2.073543384677299,-0.586275998009833,1.6521238214593488,3.620677671936877e-14,4.4383279476365e-16,-0.576583743377744,-0.7775337494097512,0.6414628731630624,-0.1864333482934154,-0.32553797101795917
0.7385267196102784,-1.8697954901061347,-2.6888901791531343,1.887796233531986,-1.4440436692479748,0.5327738116882402,2.6480910655618035,-0.13795610055483984,1.8270764285232555,4.03507111326092e-14,-2.939818075803319e-16,-0.4582940266310006,0.15539408544591232,0.7135993543487579,-0.22005313010793476,-0.41459312030899786
-1.0610539533495476,1.2795939330567165,-0.9157529801740338,0.8123083383753605,-0.45506375079539824,0.22934011386914516,-0.23730236532340232,-0.806933890652409,-0.7198266110317293,-1.596607348288973e-14,1.992282919554028e-15,0.7502948339202897,-1.2894056147636868,0.13671280178681527,-0.9293649632073591,0.41881849324248993
-1.0628650407956552,1.520115668190373,-0.8734759741628145,0.8323698464738192,-0.6436000609742358,0.22011471009506287,-0.16823686225958068,-0.6922501372025263,-0.6220150857356577,-1.3670122528123122e-14,1.4974497955325686e-15,0.5320391237184406,-1.044280331493233,0.1983897734245577,-0.6653131243942112,0.23551862108565402
-1.2246266294234327,1.6317505766967257,-0.5038717288869826,0.8627256217427058,-1.0001494625814344,-0.34040272230604457,0.19639614030800648,-0.5608930785456144,-0.7398871339309179,-1.527181586534905e-14,-1.9112250120521373e-17,0.1925998783122821,-0.8187291101874119,0.5272980189698245,0.6409528855668294,0.4197331378494693
-1.2334100530284173,-0.92991009835034,-0.8800138722026457,0.42168840492830933,-1.8299928087319604,-1.0030414511970909,0.2211920409126488,-0.12791986996052782,-0.2005533707332456,-3.887908501602155e-15,-4.4889272416682265e-16,0.19616787400761151,0.16038129072287213,0.15328179581479656,1.463397570169861,-0.7843968959746467
-1.1359077059995633,-1.2311459415139776,-0.9998753727226106,0.4318151498345151,-1.4696113527312404,-1.2693918689957697,0.28985431536313927,-0.09560127189352058,-0.12830063264713518,-2.8247536079034544e-15,-4.936547747528824e-16,0.4655442502220578,0.46552828719474176,0.08400328052720935,1.0608450147657886,-0.3916793814074445
-1.0415097048295676,-0.8119172564110502,-1.1383553269406534,0.4540245484697264,-1.6351284549203653,-0.9482664547903817,0.20861787710643387,0.056928752047510425,0.14116328908038617,2.7043435902116047e-15,-4.8535613715425515e-16,0.22949145968750728,0.8250170612425674,0.009467053129213568,0.803489185934789,-0.8744219158854128
-1.1392481754392552,-0.7875144053766892,-0.9218973342321598,0.46881770035247256,-1.817358107742032,-1.286407711848842,0.4172425333188738,0.11592775971224849,0.052108332035057076,1.3286427256956076e-15,-1.2689029488272396e-15,0.06298139687420515,0.9176508610774321,0.19776368416284298,1.547876770159777,-0.7297677617092007
-1.0569941784043209,-1.0583555237948958,-1.0258634165792062,0.47591993287149925,-1.5003981556867076,-1.5100952824048046,0.47016186709606084,0.13498940375355312,0.10600654347958627,2.034401959398791e-15,-1.0987097571784318e-15,0.30540337653704747,1.1572316673006926,0.135022742405496,1.1900235116995825,-0.3859440913481791
-1.1764540198878664,-1.0753926339920563,-0.8868660804515214,0.44995535297335126,-1.657529093718766,-1.4114634527484975,0.4159523553724455,-0.0022200702094770735,-0.10490962256674086,-1.992867154901142e-15,-1.0923356029680025e-15,0.26594275726679056,0.6516124918305398,0.1974148418584584,1.5214610789056704,-0.4444888638005929
2.2718925013670144,1.091710031367466,-1.8682988528365476,2.570987850448213,1.852609598270605,-0.7226989834914201,-0.09277078469880264,-0.02639334033844525,-1.0678309678259574,-2.396841023884323e-14,-3.2237741009518285e-15,-0.03768198381506401,0.3245048568026764,-0.09416474254047037,0.3173543861090471,-0.8099606946216623
2.2957681871289433,1.1260349572394406,-1.8792224385226388,2.582784446683709,1.8571917604799435,-0.7944418917383493,-0.043593460885894275,0.03456272108391183,-1.0045177284718072,-2.2601764213365343e-14,-3.2199043871822087e-15,-0.06983612868504348,0.5146169192756326,-0.08334371956156313,0.33682989587509893,-0.7947746734817854
2.3082728112893314,1.2659448304261902,-1.864156292481441,2.5994728307826467,1.765210971503799,-0.8393724795511508,0.0186712755869359,0.1263230580507817,-0.9198949528743942,-2.073441684066927e-14,-3.6398430286737125e-15,-0.19735961246228848,0.7443539297364388,-0.04633235583559093,0.4801984857990487,-0.8781722238376222
2.3322176326496664,1.3431541075195563,-1.867817463846307,2.6149914598528046,1.7366891490080412,-0.9139042930344277,0.0808015348864657,0.20845124606314613,-0.8383404525237024,-1.9013440366261222e-14,-3.893898991000486e-15,-0.26844449385044394,0.9806911568263467,-0.02448170264349974,0.5464579279434106,-0.894996430094475
-0.6125732805123282,-0.8017781907786433,-0.11983136345362669,-0.7446593132911591,-0.5604387967213591,1.0201547004560723,-1.1069411334195183,-0.801651641797337,-0.2823612061383475,-6.1379297903871e-15,2.9768809818514003e-15,0.2291027608754501,-1.3364179599364625,0.2835239216837889,0.010182853785900045,-1.3337991454523002
-0.36329909795182247,-0.9832705224611058,-0.3259155723081705,-0.6680306095203068,-0.09472425777052612,0.30369179961000736,-0.7551488129362204,-0.43016299638887867,0.15080543594560036,2.2572267173767456e-15,1.9447727139822856e-15,0.3834516291824066,0.07212343854054355,0.2577240291138588,-0.37609244657257934,-0.7707886036071213
-0.1868832233277263,-1.1117159479056622,-0.47176511668473053,-0.6137990815771178,0.23487039527472664,-0.20336203159770633,-0.5061789867528083,-0.16725372267479774,0.45736535015843227,8.197120652993235e-15,1.3110592856497001e-15,0.4926871317118424,1.0689738151183634,0.23946497570455857,-0.6494665050428577,-0.3723357989806544
-0.061449384506274955,-1.2030422122052618,-0.5754659218446575,-0.5752398036801505,0.4692162140655913,-0.5638834907522702,-0.32915840334194696,0.01967797796713851,0.675333188656103,1.2394763741014231e-14,8.773513482548083e-16,0.5703549064914822,1.7777465926883849,0.22648256600217448,-0.8438387952984382,-0.08903099446707606
-0.31946096009142305,-1.4834155353969811,-0.4419822766709993,-0.6949135584010845,0.34960416713273623,0.20593995274210283,-0.8334766047081527,-0.5946023132083676,0.029362315244266295,-7.979033003130826e-16,2.658122066317672e-15,0.8356245903183679,-0.18001746856802947,0.1328243495675754,-0.9553977784692484,-0.3209831603005964
-0.32131671217124586,-1.2369621070016945,-0.3986626445888386,-0.6743572978747853,0.15641821662081665,0.19648703412254467,-0.7627078236478245,-0.47709025466922117,0.12958604651077155,1.4922302106076676e-15,2.2775898625889405e-15,0.6119863065840395,0.0711530396390495,0.19602238489154997,-0.6848339522378386,-0.5088035329266567
-0.32418091287059353,-0.8565815111013186,-0.3318023555156086,-0.6426304005076452,-0.14174840842382838,0.18189723173708902,-0.6534820308230018,-0.2957200576967234,0.28427313230519846,5.061501385263892e-15,1.6592941087729634e-15,0.2668190099191236,0.45881406024847676,0.29356335436716974,-0.2672409403608812,-0.7986888298239828
-0.32564214499727406,-0.6625223632133305,-0.29769217517272445,-0.626444257642962,-0.2938643728247977,0.17445393770660933,-0.5977581991885236,-0.20319024346303982,0.3631899971034352,6.8996585801218925e-15,1.141193664826894e-15,0.09072466601327109,0.6565874696695931,0.34332592802264766,-0.05419709710962026,-0.946579900786722
-0.46089544313791636,-0.729589216658309,0.3573415007258763,-1.197117662164192,0.3519640624847158,0.5384049038547499,-0.4692811840591288,-0.23577384331977927,0.21089380999525248,3.4618495188441465e-15,1.9536292951493455e-15,0.4919592381884282,0.3608181210936017,-0.1966105848274382,-0.1610656496229101,-0.6268268492971595
-0.28447956851382017,-0.8580346421028648,0.21149195634931628,-1.1428861342210028,0.6815587155299686,0.03135107264703623,-0.22031135787571623,0.02713543039430163,0.5174537242080842,9.331741023283246e-15,1.2668547069465326e-15,0.601194740717864,1.3576684976714215,-0.21486963823673863,-0.4344397080931889,-0.22837404467069242
-0.159045729692369,-0.9493609064024647,0.10779115118938892,-1.1043268563240358,0.9159045343208333,-0.32917038650752783,-0.04329077446485507,0.21406713103623806,0.7354215627057551,1.3597350233268734e-14,8.015167577150176e-16,0.678862515497504,2.0664412752414436,-0.22785204793912264,-0.6288119983487691,0.054930759842885826
-0.06945667053216627,-1.014589190668432,0.033724554362532175,-1.0767865254121887,1.0832821863233841,-0.5866669172379345,0.08314326971953649,0.34758002791541476,0.8911015112879374,1.6707282680995027e-14,4.647597532803114e-16,0.7343354479609603,2.572670590213206,-0.2371245208363645,-0.7676392141497517,0.25727656325933995
2.9523239477200938,0.27481756639514243,0.22998721029292313,-0.47677383957331293,2.758844403611689,-1.0460316244566499,-0.8887810313918036,-1.5044756533500232,-0.40775457523628533,-1.1048807193824451e-14,3.0026586091803345e-15,0.3471033914891053,0.03021368853744194,-0.052470016286642836,-1.5043450947747568,1.4552157559058727
4.853789173911305,0.4082854131998304,-0.2870703056580022,1.060715922841276,4.431869939530122,-0.6863729785461837,-0.8022260763458423,-0.9622530615690379,-1.3996523200480402,-3.1765817794251225e-14,-5.319780893073145e-16,-0.07156942560452154,-0.36813765489882483,-0.7871978683956335,0.07188757654163709,-0.26146837856296834
4.831418728146207,0.6049440854474107,-0.29308224350981604,1.1044331663377438,4.260471238318486,-0.6849114027713539,-0.7575531192548254,-0.8755831028691698,-1.337293512575581,-3.019442302907119e-14,-5.361988731920707e-16,-0.22730804530250043,-0.19566601441832057,-0.6626070456893226,0.263025882074208,-0.3999511562645271
4.2301524242497255,0.9140100672670288,-1.1119550188530187,1.8531066135042105,3.273258631877793,-1.1630268674479634,-0.40923092812714584,-0.3559571938865559,-0.9319586455216535,-2.1587205456390732e-14,-2.471633575517304e-15,-0.4691348349855324,0.8781652643290304,-0.20199299073131208,0.3962664187348369,-0.5918040882190018
4.194845903185856,0.6384264339398394,-1.1341301409346722,1.8162832911197224,3.44050626288922,-1.04337256837795,-0.5492690432537376,-0.5564240299006189,-1.1204742996560666,-2.5592283279367003e-14,-1.6884759309703505e-15,-0.21750358409014078,0.3570243582400499,-0.2757882626653003,0.12192422457101966,-0.44582316522680204
4.1758209508806985,0.4868334086843083,-1.1466067855686541,1.796174274757493,3.533023091025726,-0.9787100473004497,-0.6256552665038861,-0.6659643322165203,-1.223362220825742,-2.7984558245431245e-14,-1.3822926132865542e-15,-0.07910282270325306,0.07290355903065743,-0.3163483926660513,-0.029285006446701095,-0.36484281061659835
4.701475714659754,0.6093851792087122,-0.5030460902024315,1.2600617914927739,4.21139639060542,-0.9705056299966321,-0.5545645781951596,-0.631124916998045,-1.1194181406605253,-2.5852691170186794e-14,-1.4301982984277917e-15,-0.18418531750746422,0.46154127249480453,-0.5882635836579994,0.149168135241984,-0.230363858208512
2.7990204355944006,1.0735292111907655,-1.0193770027637892,1.8135804471508332,2.8488778769104726,-0.6063888828996167,-0.1660089638493006,-0.0693933925760816,-0.9191178551710314,-2.1139065716930132e-14,-2.7578438333683193e-15,-0.1507373598851311,0.620320100687756,-0.4476273468828009,0.36583520943147013,-0.5677116491929134
2.8425598274071757,1.2903188656143323,-1.013009684845712,1.8483835081146966,2.7378806822871917,-0.7465207238493966,-0.030161209891890053,0.11743260839921985,-0.7385806485229695,-1.7192436728239757e-14,-3.176019287318544e-15,-0.34934240133340005,1.1316155492578375,-0.3882568787763689,0.5697545501586015,-0.6555405888288156
3.5766014117910383,1.1691460577653285,-1.6806138411184397,2.4035140537954827,2.368414164248449,-1.1712551967308742,-0.24387969771509507,-0.15017106979275208,-0.927317188477492,-2.1102517874925057e-14,-3.4595066906017596e-15,-0.49823592257702637,0.9134254944963307,0.12684047262897932,0.5429097215638825,-0.8677406563126915
3.5412051183413817,0.6464740351768719,-1.7448498948729316,2.3453595753037026,2.726800871648549,-1.0364323977912069,-0.45804649045646373,-0.47205604649711386,-1.2203031806280333,-2.7615536992884647e-14,-2.2459618571421514e-15,-0.022308846505267314,0.12793073565807367,-0.010478821940341426,-0.0012220182092227121,-0.5367965780041958
-0.3839708893172029,-0.9714154787931343,-2.128778964631004,0.9125463968473596,-1.6476109954106706,-0.7589008532502521,-0.224596558405392,-0.11358809725715989,0.0635887584372112,9.638561581691575e-16,6.131740992301548e-16,0.6661442098818946,0.7548881197136933,0.9842077942985057,-0.5187319242994278,-0.8800615556058742
-0.3839708893172029,-0.9714154787931343,-2.128778964631004,0.9125463968473596,-1.6476109954106706,-0.7589008532502521,-0.224596558405392,-0.11358809725715989,0.0635887584372112,9.638561581691575e-16,6.131740992301548e-16,0.6661442098818946,0.7548881197136933,0.9842077942985057,-0.5187319242994278,-0.8800615556058742
-0.3839708893172029,-0.9714154787931343,-2.128778964631004,0.9125463968473596,-1.6476109954106706,-0.7589008532502521,-0.224596558405392,-0.11358809725715989,0.0635887584372112,9.638561581691575e-16,6.131740992301548e-16,0.6661442098818946,0.7548881197136933,0.9842077942985057,-0.5187319242994278,-0.8800615556058742
-0.6713758018598589,-1.532566334374548,-1.5931562163781314,0.9038798088903237,-1.6953199606380864,-1.7454195712166958,0.21698519750167644,-0.23956348258870477,-0.4604982593857001,-9.160008400222332e-15,-3.5318403723568034e-16,0.7437783213175209,0.38557041199973824,1.384499705513718,1.010407328571166,0.035611484642262214
-0.6713758018598589,-1.532566334374548,-1.5931562163781314,0.9038798088903237,-1.6953199606380864,-1.7454195712166958,0.21698519750167644,-0.23956348258870477,-0.4604982593857001,-9.160008400222332e-15,-3.5318403723568034e-16,0.7437783213175209,0.38557041199973824,1.384499705513718,1.010407328571166,0.035611484642262214
-0.7303100297308364,0.9624517703993749,-2.2098555679571295,1.9568164211134698,-1.7209302457770834,-0.8414160047859176,-0.08381764271329395,-0.5907854920436989,-0.43318283118954565,-9.510345241830419e-15,8.53532409237796e-16,0.411056535201395,-0.4386487311417776,0.36043364090494584,-0.9235528803828581,0.13402280062129934
-0.6345509530324761,0.8927312003378248,-2.2890231470433964,1.9862534604663422,-1.5420252593206152,-1.1166463762945875,0.05132394095583469,-0.4480775335907453,-0.26678117147326225,-6.301117316085568e-15,4.358251849035717e-16,0.4703499003092047,0.10244470430389283,0.3505225708292726,-1.0719411560308245,0.3503042025087634
-0.7262541009951199,0.4238035570347199,-2.3045348855734584,1.911888691448496,-1.298703345676925,-0.8207557211832093,-0.23848977581505149,-0.8476196565877233,-0.6522316556873535,-1.4675510310780612e-14,1.727485194237999e-15,0.8998400054001715,-0.9876065864922009,0.22230811740516296,-1.5148967401521924,0.5445227023968425
-0.6304950242967595,0.35408298697317175,-2.3837024646597245,1.9413257308013698,-1.1197983592204572,-1.095986092691879,-0.1033481921459222,-0.7049116981347706,-0.4858299959710707,-1.1442569349887533e-14,1.4058942053752876e-15,0.9591333705079815,-0.4465131510465304,0.21239704732948905,-1.6632850158001593,0.7608041042843074
-0.5498382263710236,0.2953581315901644,-2.450384429950018,1.9661202193916856,-0.9691086926316721,-1.3278095523909235,0.010480050368361204,-0.5847103828736424,-0.3456717414745216,-8.661503417380715e-15,1.147573331461671e-15,1.0090755079296074,0.009243790085619425,0.2040490639958625,-1.788270798622471,0.94297550702331
-0.7303100297308364,0.9624517703993749,-2.2098555679571295,1.9568164211134698,-1.7209302457770834,-0.8414160047859176,-0.08381764271329395,-0.5907854920436989,-0.43318283118954565,-9.510345241830419e-15,8.53532409237796e-16,0.411056535201395,-0.4386487311417776,0.36043364090494584,-0.9235528803828581,0.13402280062129934
-0.5538941551067402,0.8340063449548181,-2.35570511233369,2.011047949056659,-1.3913355927318305,-1.3484698359936318,0.1651521834701184,-0.3278762183296176,-0.12662291697671343,-3.60089281115103e-15,1.0251137687200397e-16,0.5202920377308309,0.5582016454360423,0.342174587495646,-1.1969269388531367,0.5324756052477663
-0.6378914224721679,1.336362736475114,-2.2110451085529452,2.0232560109843005,-1.889772014331407,-1.1336622191476606,0.17871215891156972,-0.2365485019849767,-0.08637220679106952,-2.103436920375115e-15,-3.3109299283646877e-16,0.06778704696135225,0.5545672781865828,0.464282974464906,-0.5849094006368355,0.012215822207007334
-0.5572346245464322,1.2776378810921072,-2.27772707384324,2.0480504995746167,-1.739082347742623,-1.3654856788467047,0.2925404014258533,-0.11634718672384843,0.053786047705478804,5.929943355656871e-16,-7.58499545413648e-16,0.11772918438297801,1.0103242193187323,0.4559349911312792,-0.7098951834591478,0.19438722494601027
-0.8706789707182727,0.43169719093667286,-1.848962687904244,1.9791331081512422,-1.5812223046505862,-1.9271569107962436,0.41412158329980064,-0.5515772189384245,-0.6973640293602782,-1.452318884165182e-14,-5.515832703926559e-16,0.534133044013723,-0.20098176620160213,0.6793970310975136,0.1843791251762123,1.1026088793121869
-0.7900221727925367,0.37297233555366716,-1.9156446531945373,2.0039275967415584,-1.4305326380618006,-2.1589803704952875,0.5279498258140842,-0.43137590367729656,-0.5572057748637297,-1.1814216892700087e-14,-6.532730100065155e-16,0.5840751814353488,0.2547751749305473,0.6710490477638865,0.05939334235389967,1.2847802820511898
-1.0177149422734926,0.4013009148179597,-1.6742328197042582,1.9481498331564338,-1.7686392110045006,-1.8279347227523617,0.35776411319377444,-0.7167608773752437,-0.9572698490124567,-1.9518620029867338e-14,-2.9945396215015325e-16,0.4886906466370212,-0.8079664388557325,0.760725552120158,0.6055863724877364,1.0496958408694357
-0.921955865575132,0.33158034475641107,-1.7534003987905245,1.9775868725093073,-1.5897342245480326,-2.1031650942610325,0.49290569686290325,-0.5740529189222906,-0.7908681892961739,-1.630122099408087e-14,-4.939086105116202e-16,0.5479840117448312,-0.26687300341006226,0.7508144820444849,0.45719809683976986,1.2659772427569
0.999234447541512,-0.04390713661221271,-0.7169662179234919,1.0197277761690813,0.8058545296474569,1.8353583104551792,1.9011099605694217,-1.3768882312346238,0.9723453074330654,2.1707287719976115e-14,1.7731777323404144e-15,-0.662678524356891,-2.525229013966124,-0.040120950556900424,-0.7700960197806636,1.003178197609579
1.0904330300320069,0.07574720990307444,-0.7606446117886919,1.063799960508492,0.8322256721841399,1.5620112589884942,2.085523313223632,-1.1496752264377563,1.2093487769101265,2.6669286125034082e-14,1.4690218700556614e-15,-0.7750981451425055,-1.8112843008933062,-0.0017328620095471716,-0.7082181686346175,1.0697685009869033
1.1107639315489306,0.17767255658642173,-0.7575529650720322,1.0801112592992068,0.7798574895394189,1.496534209600656,2.149165938987925,-1.0620952297832014,1.2939445084852064,2.849347338434373e-14,1.0865672280634645e-15,-0.8684680353724371,-1.5717913317861296,0.026168957295135648,-0.6122386707732739,1.028236088170725
1.1308311975907357,0.21943755043427074,-0.7645323138641879,1.0911394133638077,0.7737118340852888,1.4354558790815841,2.194366011962691,-1.004524465751003,1.3526096721216863,2.967537791884286e-14,9.313643659716907e-16,-0.9072169527920522,-1.398216567016933,0.0385839074130993,-0.5817643330524307,1.031323763562424
1.1673817249928828,0.5067233347636766,-0.7412362453775942,1.12943189678521,0.599029350823458,1.3114654434731456,2.33993476602083,-0.7960167117199112,1.5486083690182535,3.3973081964021663e-14,2.2132990508720044e-16,-1.1695226138494113,-0.8565868834341657,0.1154914076048407,-0.295580158960785,0.8787068061251585
1.2369162373048508,0.5525576773958344,-0.7822781433319783,1.1591218463146389,0.6542746191085981,1.1057902280658833,2.4669486171048653,-0.6450548501385661,1.7101519783488717,3.7176034319574015e-14,-4.976937570156516e-16,-1.2140290796390447,-0.3607009335565652,0.1330908988496966,-0.2979808152557759,0.963489306039
0.19984004399090025,-1.827574308653252,-1.7238400527226598,0.8232254050455938,-1.9334868916683963,2.9933258309528132,-0.7537370179466896,1.5367939965631463,-2.6409309496567026,-5.3857999433525337e-14,-5.596550580070262e-15,-1.1950731532991328,-0.6574268024642388,0.4021499856418352,0.016420123132450094,0.3217129701187735
0.3914068794097738,-1.7135284392379233,-1.8389945620452912,0.9039669623976981,-1.77182239207761,2.427430473947137,-0.40747626576515333,1.9466920953992872,-2.2010407044244675,-4.4954248618892284e-14,-6.723647037123862e-15,-1.3065888193541588,0.6956805843117271,0.4474932590422694,-0.0035476379046358057,0.5644484227224947
0.21006388835044945,-1.3512496359949515,-1.6498188926154305,0.8680669913620318,-2.288841837937203,2.9347553497256063,-0.594460038299924,1.7894273558541416,-2.418984303360235,-4.883113558882373e-14,-6.54032411257008e-15,-1.627878748714401,-0.08321390088464153,0.5254492859227582,0.5289243885913031,-0.01763152777521702
0.4040475566590021,-1.7227319033289186,-1.849445078595115,0.9078527988788141,-1.748206038724524,2.391098687808623,-0.3896369005476704,1.9655302599461568,-2.1790748527607646,-4.459836646993578e-14,-6.969975798024635e-15,-1.2987617984889783,0.7671076251205067,0.4461849482028102,-0.023135632742388754,0.5929986499232216
0.535256994981261,-1.588017256946486,-1.9186680907817713,0.9680337267069052,-1.681289318181983,2.000086568070679,-0.13552587828494617,2.2740565518565203,-1.8538924652035695,-3.78021431708773e-14,-7.337788827048e-15,-1.4265214020605557,1.754312747418237,0.4917917802421598,0.025005115251257242,0.7168494573307714
0.28848233441297205,-1.408344785105903,-1.714650329430893,0.8921733942464822,-2.142334044478151,2.709365352379376,-0.48379070694093684,1.9062928972574578,-2.282715658892414,-4.620153328689775e-14,-6.857531593840715e-15,-1.5793225834516678,0.3598950747369674,0.5173329721387472,0.40740715605923444,0.15948433458490277
0.54492373528631,-1.5950554476636754,-1.9266599433976548,0.971005353257463,-1.6632291185332277,1.9723024601075552,-0.12188353085653979,2.288462713876796,-1.837094458306811,-3.76378524882718e-14,-8.087282042826377e-15,-1.420535822603529,1.8089353471922127,0.49079127205150025,0.010025533425073715,0.7386827520631745
0.5475893268921342,-2.267977899810403,-0.11554838322526008,-0.6361313332998805,-0.11043127706533362,3.2825494981320738,-0.8508382868021792,1.5065358329085194,-2.2581956397628002,-4.67905020147819e-14,-4.480063721180203e-15,-1.2057580473343232,-0.271932805452906,-0.9534678302652144,-0.19039032554155388,0.9208105411555318
0.5475893268921342,-2.267977899810403,-0.11554838322526008,-0.6361313332998805,-0.11043127706533362,3.2825494981320738,-0.8508382868021792,1.5065358329085194,-2.2581956397628002,-4.67905020147819e-14,-4.480063721180203e-15,-1.2057580473343232,-0.271932805452906,-0.9534678302652144,-0.19039032554155388,0.9208105411555318
0.5475893268921342,-2.267977899810403,-0.11554838322526008,-0.6361313332998805,-0.11043127706533362,3.2825494981320738,-0.8508382868021792,1.5065358329085194,-2.2581956397628002,-4.67905020147819e-14,-4.480063721180203e-15,-1.2057580473343232,-0.271932805452906,-0.9534678302652144,-0.19039032554155388,0.9208105411555318
0.6601303165921414,-2.1807313691555503,-0.17974714995786667,-0.5869523503649912,-0.031129397778062798,2.9488778533082995,-0.6413559010948903,1.7572771124448592,-1.9912248967955422,-4.137732197687339e-14,-5.2541704788871774e-15,-1.2896501349076128,0.544600598604937,-0.9216249658440641,-0.18000787548065714,1.048242761866158
0.6601303165921414,-2.1807313691555503,-0.17974714995786667,-0.5869523503649912,-0.031129397778062798,2.9488778533082995,-0.6413559010948903,1.7572771124448592,-1.9912248967955422,-4.137732197687339e-14,-5.2541704788871774e-15,-1.2896501349076128,0.544600598604937,-0.9216249658440641,-0.18000787548065714,1.048242761866158
0.756306800752802,-2.3058857987505497,-0.26865845391547727,-0.5621389547811151,0.1912281911203466,2.6757736918765187,-0.5221320780111801,1.8735535175249873,-1.8473661908418446,-3.875026551065741e-14,-5.757093146321821e-15,-1.180054636502038,1.0291991791745576,-0.9457509366243055,-0.38925307341127513,1.306769906575971
0.756306800752802,-2.3058857987505497,-0.26865845391547727,-0.5621389547811151,0.1912281911203466,2.6757736918765187,-0.5221320780111801,1.8735535175249873,-1.8473661908418446,-3.875026551065741e-14,-5.757093146321821e-15,-1.180054636502038,1.0291991791745576,-0.9457509366243055,-0.38925307341127513,1.306769906575971
-0.21201085916639428,-0.8664197114971116,-0.517982962447449,-0.485762432510145,-0.15033521468371946,-0.1913052267861823,-0.4725156775434978,-0.12740322869323104,0.483225630581605,8.995909413718669e-15,9.131140355825752e-16,0.2189150131054364,1.064210507943884,0.17870114814819163,-0.3113302299124726,-0.7227192002820025
-0.14055555098276806,-0.9671391042963076,-0.5853591404660711,-0.4679937552105066,0.020854547065662754,-0.3937441526233866,-0.3862529875929708,-0.04481004457139033,0.5868424417201258,1.090418742507106e-14,7.871402901226693e-16,0.30736114376811635,1.4159909873711536,0.15878824898056226,-0.4752384596523493,-0.5248490725249815
1.479308095779453,1.1757579986523978,-1.1630935212109295,2.061778366250963,1.7372279543754028,0.4505487749737674,-0.4495509133835181,-0.4364402466206254,-1.5542264496991536,-3.369369615998653e-14,-1.343287394249508e-15,0.03119592607799362,-1.5361713668174701,-0.6480012794445952,0.5906531496081561,-1.2443558059970732
1.6136241526617272,1.0779647410612667,-1.274137585360359,2.1030681028324976,1.988168263805317,0.06449807868587094,-0.25999515256054223,-0.23627154276502177,-1.3208238777198864,-2.92224769029783e-14,-1.7581845248384102e-15,0.11436350950873955,-0.7772089878998129,-0.6619029992391757,0.3825169732812161,-0.9409896282925614
-1.0719012473387515,1.4198689593282252,-0.23872183533758182,0.41722534676992784,-0.6332941452170275,-0.1558684473388904,0.1353639464165613,-0.20687540839263516,0.16615288413875043,2.7569082250880507e-15,5.259375557551973e-16,-0.14081335093277622,0.3042155843620386,-1.1448245793798961,-0.20768965047683738,0.06628952685997351
-1.4990624915658646,1.932194570078694,0.2648884896661747,0.025986397310892997,-0.505195523410072,0.43781898084303783,0.11001211374022475,-0.11697767545019423,0.14733137868217833,2.673736372705947e-15,4.401741722581248e-16,-0.2408249726272873,0.1675581769560629,-0.8119986559859634,0.10008939627846483,-0.04881359256298903
-1.705563162929315,2.265141900114322,0.705330908806896,-0.3308483370702564,-0.3406657734674947,0.9513889277232556,-0.055400783427133074,-0.16178506730399211,0.10087153134198058,1.8156609958050403e-15,5.109381406567312e-16,-0.3980608437525262,-0.12923212746433135,-0.5308944863247537,0.33617711127912947,-0.18953991632410072
-2.9232748963887403,2.016888312725985,0.5257556473828211,0.03826154727614088,-1.214561972992868,0.7539685031466831,0.520715761910425,0.08389703050746002,0.3040171751182548,5.37083962402607e-15,3.947812603907878e-17,-0.3654101707173666,-0.323892314867705,-2.9693986630107214,0.47798576729377024,-0.6642054942630425
-2.8475905389477787,2.3238087982766755,0.5249031576438418,0.09273242321854953,-1.3533839166823827,0.5145962983180811,0.7359229290948709,0.3743424756180808,0.5883319485720764,1.141499649330726e-14,-9.528792552441745e-16,-0.6471715957722598,0.490243764027735,-2.8841698970299094,0.7560904150918025,-0.7644915125615455
-2.7926680804154955,2.429482503691384,0.5043293752545188,0.12217139232614199,-1.3635212823653493,0.3479507829618642,0.8570467551143538,0.5276721843326452,0.7452497409278283,1.470080362098821e-14,-1.4256977199220857e-15,-0.7453870861861571,0.95608686428973,-2.852410563954476,0.8300669421877589,-0.7495725254568161
-2.144350940170022,1.7511708345240198,0.3804379628040986,0.016815172170243742,-0.5779270855485037,0.4864815356288245,0.38659403071489346,-0.12173272549792619,0.12382874957410743,1.408105248398213e-15,5.288223270365708e-16,-0.034232855821858935,-0.26591983765317334,-2.36120142706729,0.03802543766856269,-0.18275432297813637
-2.0604673526093102,2.049018038200551,0.37227776576803473,0.07353903813078203,-0.6990282739939241,0.22373036891709672,0.6124432390863572,0.17940888605122826,0.4210815237705428,7.661203702053012e-15,-4.3950680950632093e-16,-0.3081001467682822,0.591233394942685,-2.277619082806534,0.30003500780230513,-0.2621963977397499
-1.9893719813212036,2.3114361963372527,0.3670627294531268,0.12247532906635472,-0.8093909814965813,0.00043414843165727804,0.8068489786548988,0.4395374868629707,0.6772290174813917,1.3081691318184046e-14,-1.3507008295145067e-15,-0.5492735775087114,1.3283642287791984,-2.2042139986158453,0.5329985409026513,-0.3370030787037644
-1.4893663199643346,1.7466220373386876,0.2992318978655207,0.020123173124138003,-0.22347179801522643,0.2392380132932283,0.3423470066035338,-0.18673347674430915,0.07484646880310324,2.688692843862955e-16,5.574086328755435e-16,0.0249271610154393,0.02016773498142035,-1.8421900187250957,-0.07829412977517336,0.03711638818301522
-1.446142185402652,1.901003146285262,0.29518121504873046,0.049430196540061776,-0.28657362707333683,0.10379116042357608,0.4589949554778326,-0.03111532599228267,0.22839866266277928,3.4208198433137225e-15,4.7019699431992154e-18,-0.11701397911912557,0.46281312704512173,-1.798888658665321,0.05770363481783243,-0.0044965670858711495
-1.4263750137855773,2.059680559023479,0.308344124453678,0.0704245992448566,-0.3836056656233444,0.03653536171633115,0.5387116367003748,0.08327275917006338,0.33579448300098813,5.875851386399206e-15,-2.978841509209963e-16,-0.2618764876176548,0.7592676540217526,-1.7564453221113672,0.21609012185623813,-0.0895129826732547
-1.3436819676525593,2.276448148263717,0.28719783973283813,0.11971906471979332,-0.4435013395161417,-0.21785022998429587,0.7383445367654444,0.34242702477761133,0.596391922302245,1.1356509132816676e-14,-1.088196538033537e-15,-0.4620948817185775,1.5222125348447983,-1.6938048957516252,0.3904468677628138,-0.11025030554100657
-0.5751262292200421,0.8355917854958593,0.6988951242469154,-0.7466749553878873,1.581169022671455,0.3856161937282612,-0.6113618147481448,-0.7124615488177252,0.09276582286796092,-8.201552068793526e-18,1.9914369215572714e-15,0.29429885065977,-0.1533247068408054,-0.5202809150805046,-1.201608272749247,1.104383720225834
0.36104282641517377,1.0988578963388869,1.1396484195921024,-1.0950184052807956,2.2464824026798857,0.32341597482466417,-0.7673215774626496,-0.9538884644647955,0.06044316234612729,-1.0195111340461207e-15,2.420343588198988e-15,-0.0603850326359789,-0.1453164083403277,-0.66315780522889,-0.9222069847273773,0.9246393327662532
-0.6001662094964514,1.8285629174679356,1.9027414948237127,-1.7438102669009996,2.4894084053208014,1.1569639823587698,-0.8047420712684328,-0.5761636508845571,0.3754540929486238,5.828729833866396e-15,1.421144089649498e-15,-0.3294917473529932,0.2789592099728297,0.07089214183050359,-0.5792849544925452,0.923536078605701
1.931901221797292,0.5507028938967016,-1.4570606982332335,2.0816534813476837,1.7934244728348456,-0.9218294354582217,-2.3551232119992185,4.230265153168507,2.2105909221886995,5.210459807629897e-14,9.121943015525234e-16,-0.04758674902207502,-1.7793172758115043,-0.3937995014185115,1.5556011026944534,-0.893683693307313
-0.1062348605354857,0.5167427943419718,-0.8270123182782877,0.5021500998659112,-0.13494080225025532,-0.8886692300681422,-2.6345571773406395,3.4843645443007736,2.9649941329998866,6.829461312254053e-14,5.060487481789997e-15,0.2864604090509952,-2.153234271050712,0.3550737923470251,0.1911536048928459,0.5143157150486288
-0.010475783837125397,0.4470222242804231,-0.9061798973645537,0.5315871392187849,0.04396418420621239,-1.1638996015768124,-2.4994155936715106,3.6270725027537276,3.1313957927161704,7.150444450323595e-14,4.80183912983513e-15,0.34575377415880526,-1.612140835605042,0.34516272227135153,0.04276532924487967,0.7305971169360933
1.9152220640470996,0.5497214973181943,-0.7177688768907136,1.4920374719505949,2.163197371821055,-0.4538640684710493,-2.4834996591607448,4.104246016451131,2.147433040768466,5.093092725018505e-14,1.7124987152238923e-15,-0.12847575687919124,-2.2368924606267524,-0.8910546942017527,1.7609286571684246,-0.967687651095593
-0.027154941587317332,0.44604082770191505,-0.16688807602203415,-0.058028870178303646,0.4137370831924221,-0.6959342345896398,-2.627792040833037,3.501053366036352,3.068237911295937,7.034818785041119e-14,5.474786286290328e-15,0.2648647663016891,-2.06971602042029,-0.1520924705118899,0.2480928837188515,0.6565931591478127
0.06860413511104317,0.376320257640366,-0.24605565510830002,-0.028591830825429914,0.5926420696488894,-0.9711646060983098,-2.492650457163908,3.6437613244893043,3.234639571012219,7.356917588895592e-14,5.232031628221812e-15,0.3241581314094991,-1.5286225849746193,-0.16200354058756353,0.09970460807088505,0.8728745610352768
-0.8524189929530259,-1.568091341553342,-0.23538140277396988,-0.7839369692585301,-0.20216347086346403,1.0779777411658817,-1.3555749687725769,-1.1053554375262968,-0.44070609625861284,-1.0116702518746682e-14,4.046823732292646e-15,0.6918564284807585,-2.069976615685301,-0.17198507747979633,-0.7002107176630359,-0.9505454454623488
-0.7169667623080561,-1.666711828114878,-0.34736478389798997,-0.7422979645666776,0.05089953187799355,0.688661458600562,-1.1644157639011847,-0.9034935151924829,-0.20532918193648814,-5.5618512397455245e-15,3.593528920323448e-15,0.7757275229316617,-1.3045942065656355,-0.1860043913257033,-0.9101075089759982,-0.6446131062757515
-0.5073857336941595,-1.8193042432973534,-0.5206331907147792,-0.6778712261348039,0.4424560545438365,0.08628446881114792,-0.8686410646201512,-0.5911588336648856,0.15886220554161815,1.490928830448991e-15,2.8025456552750357e-15,0.9054986618955252,-0.12034178176262553,-0.20769604012540013,-1.2348742936694812,-0.17125350172970585
-0.42672893576842386,-1.8780290986803603,-0.5873151560050736,-0.6530767375444884,0.5931457211326215,-0.1455389908878961,-0.7548128221058674,-0.47095751840375755,0.2990204600381669,4.2067760071979085e-15,2.4341346987730274e-15,0.9554407993171506,0.3354151593695241,-0.21604402345902685,-1.3598600764917939,0.010917901009297074
-0.8548291276309679,-1.24801305052973,-0.1791205753433587,-0.7572397843910468,-0.45306129481440843,1.0657008819773763,-1.2636649042743746,-0.9527381291902607,-0.3105417855705082,-7.083408822841101e-15,3.387132943004774e-15,0.401409019689481,-1.743772076572501,-0.0899074238060019,-0.34881935063340386,-1.1944747926051498
-0.7193768969859986,-1.346633537091266,-0.29110395646737897,-0.7156007796991944,-0.19999829207295095,0.6763845994120564,-1.0725056994029818,-0.7508762068564467,-0.0751648712483834,-2.5276140197383657e-15,2.932104416074124e-15,0.4852801141403845,-0.9783896674528351,-0.1039267376519088,-0.5587161419463657,-0.8885424534185528
-0.5097958683721019,-1.4992259522737412,-0.46437236328416853,-0.651174041267321,0.19155823059289204,0.07400760962264227,-0.7767310001219486,-0.43854152532884927,0.28902651622972286,4.516590391714472e-15,2.1976120057014408e-15,0.6150512531042478,0.20586275735017506,-0.12561838645160558,-0.883482926639849,-0.4151828488725071
-0.42913907044636596,-1.5579508076567485,-0.5310543285744622,-0.6263795526770054,0.3422478971816769,-0.15781585007640173,-0.6629027576076648,-0.3183402100677209,0.42918477072627165,7.221575795345247e-15,1.9310173381510166e-15,0.6649933905258735,0.6616196984823248,-0.1339663697852324,-1.0084687094621618,-0.23301144613350408
-0.8569655523586106,-0.9642848497852573,-0.12924907894092036,-0.7335744986162152,-0.6754655945019932,1.0548182596126783,-1.1821927208689091,-0.8174529957993992,-0.1951597471493011,-4.394173280274962e-15,2.9202749786814284e-15,0.14394663308493452,-1.4546133627429283,-0.01715102122799679,-0.0373341824090341,-1.4107019992434648
-0.721513321713641,-1.0629053363467929,-0.2412324600649407,-0.6919354939243628,-0.42240259176053535,0.665501977047358,-0.9910335159975165,-0.6155910734655857,0.04021716717282362,1.4873602121085207e-16,2.4161865729750916e-15,0.22781772753583793,-0.6892309536232629,-0.031170335073903717,-0.24723097372199607,-1.104769660056867
-0.5119322930997444,-1.2154977515292686,-0.4145008668817298,-0.6275087554924891,-0.030846069094692487,0.0631249872579438,-0.6952588167164833,-0.30325639193798815,0.40440855465092973,7.231559434219733e-15,1.7025686988003619e-15,0.3575888664997012,0.4950214711797474,-0.05286198387360048,-0.5719977584154797,-0.6314100555108215
-0.43127549517400865,-1.2742226069122755,-0.481182832172024,-0.6027142669021732,0.11984359749409258,-0.1686984724411001,-0.5814305742021998,-0.18305507667686022,0.5445668091474786,9.913879500907593e-15,1.2862640299348559e-15,0.4075310039213269,0.9507784123118969,-0.06120996720722732,-0.696983541237792,-0.4492386527718187
-0.7169667623080561,-1.666711828114878,-0.34736478389798997,-0.7422979645666776,0.05089953187799355,0.688661458600562,-1.1644157639011847,-0.9034935151924829,-0.20532918193648814,-5.5618512397455245e-15,3.593528920323448e-15,0.7757275229316617,-1.3045942065656355,-0.1860043913257033,-0.9101075089759982,-0.6446131062757515
-0.7184495960942233,-1.4697838686558637,-0.3127503465740646,-0.7258725390170715,-0.10346519040716,0.6811081290047736,-1.107868156759524,-0.8095958159370039,-0.12524567481632973,-3.6750745693627644e-15,3.233989766342652e-15,0.5970299444095218,-1.103897076971761,-0.13550616852067215,-0.6939141999597545,-0.7946904777568983
-0.7211049299275657,-1.117141867670704,-0.2507657280647512,-0.6964592705875499,-0.3798885317026081,0.667582262641883,-1.0066074653465895,-0.6414517258630573,0.01816112366136312,-3.534759445622495e-16,2.588179981182604e-15,0.27703337391560107,-0.7445055636163794,-0.04507820498984091,-0.3067734338616894,-1.0634363923903143
-0.60314481039252,-1.7495836732358045,-0.4414656116285136,-0.7073082654876778,0.26355106808736894,0.36151484031981806,-1.00378264828928,-0.7338667921178389,-0.007539454174665093,-1.7480140253983395e-15,3.0875563839857456e-15,0.8462052967877151,-0.6614352172082956,-0.19778497004972656,-1.0864860180215157,-0.3875349036171699
-0.6046276441786875,-1.5526557137767905,-0.40685117430458795,-0.6908828399380713,0.10918634580221558,0.3539615107240293,-0.9472350411476192,-0.6399690928623597,0.07254405294549328,1.155738193886421e-16,2.7196139311525638e-15,0.667507718265575,-0.4607380876144211,-0.14728674724469534,-0.8702927090052722,-0.5376122750983168
-0.6060020157965,-1.370132088567409,-0.37476861679319146,-0.6756588553644389,-0.03388733857112863,0.34696067090416816,-0.8948236198300684,-0.5529395592501084,0.14676983621775086,1.8957077399306286e-15,2.5641592026207564e-15,0.501881009200997,-0.2747209889595433,-0.10048222685903775,-0.6699129020136209,-0.6767122077837776
-0.5073857336941595,-1.8193042432973534,-0.5206331907147792,-0.6778712261348039,0.4424560545438365,0.08628446881114792,-0.8686410646201512,-0.5911588336648856,0.15886220554161815,1.490928830448991e-15,2.8025456552750357e-15,0.9054986618955252,-0.12034178176262553,-0.20769604012540013,-1.2348742936694812,-0.17125350172970585
-0.508868567480327,-1.6223762838383395,-0.4860187533908542,-0.6614458005851979,0.28809133225868283,0.07873113921535943,-0.8120934574784903,-0.49726113440940684,0.23894571266177664,3.358209586579894e-15,2.4097494566695538e-15,0.7268010833733854,0.08035534783124924,-0.15719781732036886,-1.018680984653238,-0.32133087321085263
-0.5102429390981398,-1.4398526586289584,-0.45393619587945716,-0.6462218160115656,0.14501764788533872,0.0717302993954983,-0.75968203616094,-0.4102316007971555,0.31317149593403387,5.0937359950545755e-15,2.0701960414817063e-15,0.5611743743088068,0.26637244648612685,-0.11039329693471127,-0.8183011776615873,-0.4604308058963134
-0.5115239013136691,-1.2697342828531795,-0.4240341348815407,-0.6320325321556765,0.011667990963234651,0.06520527285246909,-0.7108327660655558,-0.3291170443354601,0.38235251113946933,6.7241733648009664e-15,1.7259035471035016e-15,0.40680451287946406,0.43974686118663076,-0.06676985378953773,-0.6315402185551732,-0.5900767878442686
-0.42672893576842386,-1.8780290986803603,-0.5873151560050736,-0.6530767375444884,0.5931457211326215,-0.1455389908878961,-0.7548128221058674,-0.47095751840375755,0.2990204600381669,4.2067760071979085e-15,2.4341346987730274e-15,0.9554407993171506,0.3354151593695241,-0.21604402345902685,-1.3598600764917939,0.010917901009297074
-0.7708785974298329,-2.0460469568381954,0.6985732819726002,-1.2392613412901579,0.7529757624034603,-0.49064026994509713,-0.34455651818020694,-0.5997335856973188,-0.24860200912060995,-5.997301393942683e-15,2.0211673593920657e-15,0.86204498096636,-0.3339742551828726,-0.2522583829561182,0.49908029037346346,0.6088250413637812
-0.7708785974298329,-2.0460469568381954,0.6985732819726002,-1.2392613412901579,0.7529757624034603,-0.49064026994509713,-0.34455651818020694,-0.5997335856973188,-0.24860200912060995,-5.997301393942683e-15,2.0211673593920657e-15,0.86204498096636,-0.3339742551828726,-0.2522583829561182,0.49908029037346346,0.6088250413637812
1.1714984082045832,-1.9423662872219176,0.14769248110392108,0.31080500083873974,2.5024360510320927,-0.24857010382650657,-0.20026413650791552,0.0034590647174611005,-1.169406879648079,-2.5466000931475492e-14,-2.100751336774332e-15,0.46870445778547987,-0.5011506953893348,-0.9912206066459807,2.011916063823036,-1.0154557688796242
-1.1992449897565534,-1.258208216907472,-0.6096707772242831,-0.14377732313921476,-0.7356302708087342,-0.6031503941743824,-0.19675494669847127,-0.15587715278685665,0.03910907508973249,4.949040156391425e-16,3.335018801945603e-16,0.5108442846062932,0.4437746100186839,0.7576507629280838,0.4682479637092067,-0.15212044759436893
-0.23053153875326335,-1.4537883219124554,0.20027001326563318,-0.9287646991020597,0.42817274827637186,-0.5238412249327962,-0.45679118121696427,-0.3617251826259051,0.057985836549029,7.60504342821525e-16,1.0198136325604453e-15,0.4669119063912422,0.5828217916719747,0.828562132679363,0.3873540999146879,0.23134782277432359
-0.5241236644212023,-1.3625423160235461,-0.613297699996076,-0.1296857405625596,-0.6733842527397749,-0.5914529260610305,-0.44925452367542335,-0.5288078047386141,-0.2732569188877078,-5.8515246201077505e-15,1.1705995072147633e-15,0.45487376565192994,-0.2148800826260369,0.8192292730397271,0.5478736464565537,-0.32549204503903106
-1.121751456131131,-0.5276273565403428,-0.21033344898523607,-0.525262729246848,-1.1752962786824104,0.9032762238568052,-0.6245000271933222,-0.43723610971874766,-0.14540711326715125,-2.9916960217942677e-15,1.9856607727321632e-15,0.2055209572631159,-0.9101515494974124,-0.286589699078263,0.3505509466215055,-1.5586218777329437
-0.8677538856319691,-0.7125587073848458,-0.4203226577737974,-0.44718202153628434,-0.7007571177288423,0.17323737948706847,-0.2660417472174909,-0.0587082877335334,0.295967414894814,5.5257444030798965e-15,8.88410280252123e-16,0.36279451506425764,0.5250796865886261,-0.31287846257791263,-0.04304371619951532,-0.9849430942938229
-0.7545194732297412,-0.795002774887045,-0.5139377448049542,-0.412372936393539,-0.4892032711828933,-0.1522205349746825,-0.10623780647896913,0.11004283620893911,0.4927361684207286,9.423950908091795e-15,7.266992400710177e-16,0.43290848847361707,1.1649187423722804,-0.3245982309277198,-0.2185117739514237,-0.7291919080809288
-0.7513473310483576,-1.2162795846826413,-0.5879864465167491,-0.4475109172779311,-0.1589795795957809,-0.1360621255533389,-0.22720689387344686,-0.09082718396576055,0.32141806565104564,5.399239731647326e-15,1.4584029282349739e-15,0.8151860787396825,0.7355787607733847,-0.4326262136585235,-0.6810018529209989,-0.40813990280056667
-0.7555844636948965,-0.6535665592418396,-0.4890772067928133,-0.4005759826421247,-0.6000700176271901,-0.15764543429565295,-0.06562458131846126,0.177481382147108,0.5502531823266615,1.065044360946653e-14,5.397821985521371e-16,0.3045655689584544,1.3090620249137361,-0.2883297520892004,-0.06323893428420516,-0.8369794235489437
-0.75933405959807,-0.15560092283945515,-0.4015487504066775,-0.35904151740184503,-0.9904073134686289,-0.17674530507812866,0.07736560278076454,0.4149175882344718,0.752757868293941,1.5321084432904368e-14,-4.833772019156439e-16,-0.1473014673770488,1.8165586451848987,-0.16063645894089812,0.4834423953043321,-1.2164754281006018
-1.6793568727841177,0.7482257080936221,-0.7795218970882309,1.3085416944578587,-1.4413360536279203,-1.3766129227008201,0.5422507470732659,-0.5258142190747926,-0.6707218821867935,-1.4079260259446022e-14,-5.586511470551463e-16,0.1973973255657949,-0.714426809141742,-0.4588832857586158,1.0086971839584506,0.7940581347133844
-1.6894426601370713,0.7285334622226256,-0.7607254990291631,1.30823756130148,-1.4430102855464224,-1.411232435363609,0.5577470016418502,-0.5302350236355771,-0.6891134614031753,-1.4398582996474316e-14,-5.683818585640565e-16,0.20012170884911484,-0.7273871299404707,-0.44483599944083274,1.0623586652500019,0.826191487922526
-1.9387168426975772,0.9100257939050878,-0.5546412901746196,1.2316088575306279,-1.9087248244972552,-0.6947695345175444,0.20595468115855256,-0.9017236690440352,-1.1222801034871235,-2.2767098500722652e-14,4.180400758627536e-16,0.04577284054215834,-2.1359285284174763,-0.4190361068709026,1.4486339656084817,0.2631809460773474
-1.8284984261057764,0.8297776221284558,-0.6457629416477259,1.2654908035402412,-1.7028057094903006,-1.0115588853716153,0.3615022478361125,-0.7374672271687727,-0.930752280908499,-1.9111648824709048e-14,-5.291734993456134e-17,0.11401932998115143,-1.5131315702669708,-0.4304437194767771,1.2778394952918455,0.5121202056880186
-1.732618989241667,0.7599694198584719,-0.72503002694551,1.294964842486864,-1.5236758562685548,-1.2871351956077266,0.49681369178346024,-0.5945798982151285,-0.7641414699343412,-1.5846554021808283e-14,-4.494545355781786e-16,0.17338722128008877,-0.9713580311922617,-0.44036724683669115,1.1292647095179673,0.7286734529845775
-1.6491496283581,0.6991967847817273,-0.7940372423121037,1.3206239334660785,-1.3677315281351115,-1.5270425129886274,0.614611210374703,-0.47018707305675217,-0.6190957921211085,-1.3052983260919046e-14,-7.130981946210032e-16,0.2250708784416417,-0.4997085041483442,-0.44900633060203105,0.9999205788308505,0.917197308988483
-0.31803399521707737,0.876899192596453,0.12436976730593163,-0.0540386116850113,0.3970927867667779,0.16528463219410547,-0.49453752412284374,-0.9163341520708236,-0.29043117685111836,-7.283991359125294e-15,2.5699797768169246e-15,0.14285679224292525,-0.9376298757965114,-1.0509882150303533,-0.7107026206738605,0.3723896412069726
-0.19633153195416797,0.9931181470215418,0.05867329929380086,0.0010289213981258434,0.46592199305313425,-0.19686916664231305,-0.2614538224643263,-0.6344489418302522,0.007503029719120865,-1.2003844837717873e-15,1.5014768502385475e-15,0.03228307769386984,-0.03127885818783079,-1.0109312455628283,-0.6755896194540708,0.49381066348750685
-0.1105076956655489,1.0270925073655783,0.004164413262186783,0.03572632805292829,0.5516003167300628,-0.449363094638473,-0.11145139301253502,-0.4592114058226688,0.19735278650675003,2.653838410997481e-15,1.1388586173010564e-15,-0.0021371501410121525,0.5566510688824251,-0.9950177003085177,-0.7032322139517484,0.6153842222433923
-0.07717463847853434,1.1409078808211868,0.00014761484114977742,0.05787543548017093,0.5069929167673428,-0.5534993116603433,-0.02306471170475794,-0.3417742993570424,0.3135563683878577,5.0893715233202144e-15,8.114795085835888e-16,-0.10684251038603676,0.8924127516058679,-0.9629716599568463,-0.6040761898969375,0.5872181937844551
-0.6868116854903582,0.5850228688431676,0.8245984508520398,-0.24566505063492214,0.6957546897213517,-1.0184934579887213,0.23429157415714605,-0.6067163218398616,-0.33233075258269074,-7.652000116774061e-15,4.154880481681793e-16,0.10948065674440398,-0.06530655736776102,-0.6780530601589916,0.7540728107762686,1.4885882302641993
-0.6860366036175599,0.48208800652232514,0.8065053758512132,-0.2542506721086562,0.7764416144184236,-1.014545308908508,0.20473396247168393,-0.6557969438686408,-0.374190653036793,-8.603939193202808e-15,5.211962636581432e-16,0.20288644174708068,-0.17021157674482734,-0.7044486396702138,0.6410678897919218,1.5670341432433617
-0.6970996175530689,0.40661639311764364,0.8185361216653804,-0.25902454330174174,0.8161547864928183,-1.0518550099050001,0.20710092650148096,-0.6861356776946586,-0.41668332263828733,-9.478577558090841e-15,5.616873274443027e-16,0.25415878322290075,-0.23904831951612898,-0.7020975836978466,0.6437709890033009,1.6440147301183299
-0.6910931744316483,0.2495412804141449,0.780435802932968,-0.27275673108059756,0.9473450051494201,-1.0291568038139935,0.15202783036481474,-0.7633729778716613,-0.47566600720352553,-1.0898051598073488e-14,8.898918792282903e-16,0.40383118719857913,-0.4024804806198883,-0.751377451568978,0.4358469589361665,1.7556484013401465
-0.029976716705118332,-0.1310637138971455,-1.5634219305196821,0.9601041479347499,0.15336728595964794,-1.9538286230801212,-2.268918357076138,3.8423548780182974,3.4433375037677267,7.724519719030204e-14,4.136418335776656e-15,0.6680323625315855,-0.7145598676024083,0.14650049739364515,-0.6445115994816727,1.2723247786910301
-0.6462863220339314,1.1325980944067344,-1.028819966003191,0.9120826925140039,-0.588453367019303,-0.2886854346879289,-0.39966105717138695,-0.6650735919188868,-0.1568985897348356,-4.1376173503396e-15,1.0653360424449154e-15,0.01920328223523913,-0.35854770114072476,0.05965328427933297,-0.769173905366087,0.20174927835535392
0.029229948700611148,-0.02214238664659802,-1.586452190010651,0.9914089104490995,0.14630581015913555,-2.133171895365083,-2.1398420220947436,4.00519364313194,3.610387233978244,8.069248302673375e-14,3.62074043457743e-15,0.5666901497544703,-0.21771165175706697,0.17945308439818228,-0.5702202991478413,1.2921500494165816
-1.374755143233676,1.0626322465438698,0.3331996785684638,-0.35514043247231797,1.041844774453131,0.3584298451864034,-0.01580902354517642,-0.4110657545778512,-0.0685708057110954,-3.4661079363160876e-15,1.6955725581282358e-15,0.8389706011690294,-0.11387854965526951,-0.8682525896493171,-1.2281125950401555,1.170650803938519
-0.6461839460536355,-1.696024288621002,0.9346050354319496,-1.2647227726048533,0.330066485735396,-0.2226361771947334,-0.5092126139925635,-0.8093483575710454,-0.5868687845801731,-1.2126423201165214e-14,1.9051546574011437e-15,0.518421470475432,-1.0442313144558777,0.2888138290861541,1.3011440546455968,0.21664262221468322
-0.5323619941380995,-1.7788961337419282,0.8405042077014273,-1.2297330735258534,0.5427180219447713,-0.549782795475478,-0.3485794983806583,-0.639721634496401,-0.3890790568183502,-8.262982982454199e-15,1.5218716550342878e-15,0.588899244331485,-0.40107232509853813,0.277033250362131,1.1247655456000794,0.47372082487326433
-0.436602917439739,-1.848616703803478,0.761336628615161,-1.2002960341729796,0.7216230084012385,-0.8250131669841482,-0.21343791471152976,-0.497013676043448,-0.22267739710206674,-5.0796446258290366e-15,1.0351053248534504e-15,0.6481926094392949,0.14002111034713216,0.2671221802864576,0.9763772699521132,0.6900022267607284
-0.3559461195140032,-1.9073415591864855,0.6946546633248669,-1.1755015455826638,0.8723126749900237,-1.056836626683192,-0.09960967219724616,-0.3768123607823199,-0.0825191426055179,-2.317748093492852e-15,8.452211022163918e-16,0.6981347468609207,0.5957780514792822,0.25877419695283055,0.8513914871298008,0.8721736294997317
-0.43081826923112715,-2.018130127767545,0.7217360712706399,-1.2150244267928674,0.862035766109563,-0.8029282675517043,-0.27143070501872796,-0.5800285631358632,-0.2870383526917901,-6.594737719673673e-15,1.5341319224754893e-15,0.8086850389495114,-0.03586830782608555,0.21524139906810913,0.7571185210983077,0.8116429351265622
-0.4317232793923597,-1.8979401199569885,0.7428621191093999,-1.2049995830351699,0.7678231554264746,-0.807538251556045,-0.236918300773565,-0.5227204732236322,-0.23816140615402873,-5.456726206824385e-15,1.3121789551190917e-15,0.69962148384385,0.08662211780829275,0.24606171432465931,0.8890666485792126,0.7200470007551347
-0.43258683414558824,-1.7832556037146599,0.7630204552359724,-1.1954339429482783,0.6779261009463119,-0.811937068022186,-0.20398679126359964,-0.46803747013476155,-0.19152334471117927,-4.360173216457702e-15,1.036732815374238e-15,0.5955537557122716,0.20350167763274696,0.27547025676526515,1.0149706854029754,0.6326467616295284
-0.4334126333939643,-1.673585212857299,0.7822974481071275,-1.1862865225160937,0.5919594384464429,-0.8161435636935997,-0.17249508132910812,-0.41574526436446463,-0.14692434743713298,-3.3379643894959367e-15,8.603888087125682e-16,0.4960359760347439,0.31527114250191324,0.3035930273857702,1.13537006782532,0.5490677511406266
-0.42910366088679075,-1.833974594196925,0.7473606239282282,-1.2000698968882912,0.7228678784591329,-0.7992719334928172,-0.22496010772956643,-0.4937266002394894,-0.20900239423606579,-4.803970171532115e-15,1.0916923995501743e-15,0.6461669025236919,0.14965771751292872,0.2566773632103843,0.9364774385226194,0.66610956958
-0.43526432291026224,-1.8460031316872363,0.7588419542050003,-1.2002556693541397,0.7218452139275657,-0.8204184349476861,-0.21549459118774072,-0.49642694299089984,-0.22023645060320185,-5.021477665654774e-15,1.1083001732306466e-15,0.647831026904226,0.14174121547272373,0.26525781214533556,0.9692552711644379,0.6857374599840523
-0.436602917439739,-1.848616703803478,0.761336628615161,-1.2002960341729796,0.7216230084012385,-0.8250131669841482,-0.21343791471152976,-0.497013676043448,-0.22267739710206674,-5.0796446258290366e-15,1.0351053248534504e-15,0.6481926094392949,0.14002111034713216,0.2671221802864576,0.9763772699521132,0.6900022267607284
-1.4020018085465764,1.88795637116424,0.667335489493128,-0.48846394201480503,0.5883512907895369,0.6804948838141179,0.023980609150006126,-0.18160581492741065,0.06463984824875202,2.367757505597785e-16,8.03175209524082e-16,0.22206884717097217,0.23116722743712567,-0.30177029315733706,-0.38700665756817576,0.6200836164180165
-0.7038033798200702,2.778824747152709,1.1544968814239265,0.07040055657736594,1.6323614738564554,3.472521065423459,4.184511583687908,3.3459053037798814,-1.5037867589974416,13.044760676565632,-2.799416834699135,6.5831367008381445,-0.3261002949567439,0.93322448491772,0.06568324905322498,-0.5379365687287985
-0.7038033798200721,2.7788247471527097,1.1544968814239294,0.07040055657737172,1.6323614738564578,3.4725210654234586,4.184511583687943,3.3459053037799262,-1.5037867589970775,-4.098014243651579,12.6968025495437,6.583136700838134,-0.3261002949567477,0.9332244849177285,0.06568324905322832,-0.5379365687288008
-0.7038033798200712,2.7788247471527074,1.1544968814239307,0.07040055657736752,1.6323614738564522,3.4725210654234635,4.184511583687918,3.3459053037799054,-1.5037867589969331,-8.946746432914118,-9.897385714844583,6.583136700838162,-0.32610029495676246,0.9332244849177247,0.0656832490532268,-0.5379365687288007
-0.7966418119870662,1.7425697465544379,0.21721634755409747,-0.2769126355038386,1.4907098240803667,-1.0772475481351227,0.9667424133041651,0.8654940227894066,1.2412437789298623,2.3504087228905823e-14,-2.0030396621686973e-15,0.32878819658526737,3.9671115813035644,-0.2884983939030447,-1.002489202139125,1.7660633502249135
-1.4854140804288622,1.553231674171585,0.6688776027995893,-0.5481920201814916,0.7386120539147628,0.9440954675855365,-0.21214244117194847,-0.49997332062337757,-0.2472136899376348,-6.100901082278363e-15,1.7596846652693772e-15,0.5293916617129121,-0.6623246786394341,-0.3947929308014372,-0.6896475077726298,0.7279614816852085
-1.41791854085,-0.18410825475877515,2.0048039724587157,-1.4870870565979113,0.2149674146634769,-2.476712970524625,1.7738123643438237,1.4662073919739167,-1.4630289478110372,-2.755654764200944e-14,-6.602386628626408e-15,-1.7195422902687296,-1.6474631693630737,0.09583210211380125,-0.6095472298344672,-0.9722515154901744
-1.2812136841205317,-0.2836407572638268,1.8917849989080617,-1.445062985501754,0.4703706765261479,-2.8696295461847083,1.966739358532334,1.6699360794999936,-1.2254753305939887,-2.2938504609126173e-14,-7.126668666111199e-15,-1.634895578316775,-0.8750027079609544,0.08168314139440573,-0.821385090663961,-0.6634899956667414
-1.214076620423001,-0.33252212198285924,1.8362802991641798,-1.4244245619262432,0.595801663182052,-3.0625946375428734,2.061487652102033,1.7699891880630647,-1.1088104752828034,-2.069035320987696e-14,-7.379133432292224e-15,-1.5933247678272024,-0.49563998126860676,0.07473445134931295,-0.9254206918584625,-0.5118542577737244
-1.1452373919436205,-0.38264280419555513,1.7793683566853922,-1.4032628804685974,0.7244127741430686,-3.260452084398088,2.1586381539241093,1.8725790009192806,-0.9891877484614037,-1.838947087268804e-14,-7.653719102180033e-15,-1.5506999885509234,-0.10665905209079442,0.06760958714909104,-1.0320939677837155,-0.35637401137085906
-1.168060090418053,-0.23479769775642603,1.7133275002358541,-1.2915513383795734,0.18623117172530912,-2.622594678786657,1.6239955636811567,1.3779176755208877,-1.4928411826363188,-2.8149812986728126e-14,-6.806957168373857e-15,-1.7584742025066036,-1.6272801241428587,0.5949428883249123,-0.73218578915789,-0.9423648206134181
-1.087424145320846,-0.2935073705463826,1.646662774752048,-1.2667632601010024,0.33688187934399855,-2.8543582033658064,1.737794377295659,1.4980879142022296,-1.3527191643420873,-2.5463260891587883e-14,-7.132839531126907e-15,-1.708544977013728,-1.1716410133931259,0.586597063260266,-0.8571392584348504,-0.7602405160623154
-0.9704295277226999,-0.378689180086693,1.5499389866714213,-1.2307982604262508,0.555460850638887,-3.1906236852008445,1.9029049699215823,1.6724428015201986,-1.1494162585765315,-2.1528041542124017e-14,-7.568533819391036e-15,-1.6361027102743881,-0.5105546522093901,0.5744881134513158,-1.0384341305665838,-0.49599653230794727
-0.9011688862150995,-0.4291166860238003,1.4926786464178234,-1.2095070335268234,0.6848592800944597,-3.389692355767841,2.000650197862332,1.7756606383193787,-1.029061237441741,-1.9198802031981466e-14,-7.900325973456554e-15,-1.5932169949343449,-0.11919249891118175,0.5673196329778645,-1.145760428166118,-0.3395644826540534
-0.9369325331239795,-0.21570351256943573,1.973542725999363,-1.539537509722306,0.5550349801460728,-2.61225666914879,1.6540909274108975,1.409034173943218,-1.4659590840077374,-2.7552948916838377e-14,-6.71434580212708e-15,-1.7015915153304346,-1.4097043178893576,0.6712936913275318,-0.7486220780139905,-0.7548022698299421
-0.9369325331239795,-0.21570351256943573,1.973542725999363,-1.539537509722306,0.5550349801460728,-2.61225666914879,1.6540909274108975,1.409034173943218,-1.4659590840077374,-2.7552948916838377e-14,-6.71434580212708e-15,-1.7015915153304346,-1.4097043178893576,0.6712936913275318,-0.7486220780139905,-0.7548022698299421
-0.7605166584998831,-0.34414893801399193,1.8276931816228017,-1.4853059817791168,0.8846296331913254,-3.119310500356502,1.9030607535943087,1.6719434476572979,-1.159399169794905,-2.1655647482042986e-14,-7.131736281109216e-15,-1.5923560128009977,-0.4128539413115371,0.653034637918231,-1.0219961364842673,-0.35634946520347427
-0.7103969558373695,-0.38064024893121207,1.7862573651851248,-1.4698988192364149,0.9782673857177421,-3.263364357800849,1.9737930144344338,1.7466359018020539,-1.072305580392411,-1.9980492332686985e-14,-7.436007032885966e-15,-1.5613222358314862,-0.12964901670056858,0.6478472457420849,-1.0996616331713986,-0.24314913028193957
0.5115159158660426,-2.3005862691930368,9.259754234573256,6.807559611223032,-2.0005030137971525,1.095639760033464,-1.1726241045317767,-0.5559496687351111,0.05912687462583569,1.5301060407532445e-15,2.279659928137463e-15,0.13114682192582783,-0.8072765802714797,0.27550228258638765,-0.1251099224518729,-0.6542584047037211
0.6469681465110124,-2.399206755754573,9.147770853449238,6.849198615914884,-1.7474400110556945,0.7063234774681434,-0.9814648996603839,-0.3540877464012967,0.2945037889479609,6.081468344246804e-15,1.831821285131553e-15,0.21501791637673118,-0.041894171151812966,0.261482968740481,-0.3350067137648352,-0.3483260655171235
0.8565491751249089,-2.551799170937048,8.97450244663245,6.913625354346758,-1.3558834883898516,0.10394648767872934,-0.6856902003793506,-0.041753064873699564,0.658695176426067,1.3113547002895141e-14,9.56580305378878e-16,0.3447890553405943,1.1423582536511965,0.23979131994078415,-0.659773498458319,0.12503353902892206
0.9372059730506443,-2.6105240263200553,8.90782048134215,6.938419842937073,-1.205193821801066,-0.12787697202031514,-0.5718619578650667,0.07844825038742852,0.7988534309226156,1.5808298116464257e-14,9.587127913020453e-16,0.39473119276221996,1.5981151947833465,0.23144333660715716,-0.7847592812806308,0.307204941767925
-0.9727598424886778,1.8776081821427426,-0.09679750161062332,0.2255440194084643,-0.3295727910495872,0.310516546695658,-0.32206719067986556,-0.4033086582706888,0.07791215257005053,9.95085410216343e-16,4.2050846075649013e-16,-0.42139261764095565,-0.0027703697500193586,0.07170959188288661,-0.10990571830292183,-0.0578552592201824
-1.065367106332957,1.945033970377958,-0.02023564306797313,0.1970758703395973,-0.5025893013906372,0.5766879897699284,-0.45276072623475677,-0.5413195290601035,-0.08301256534481671,-2.118401633109121e-15,6.876680333033049e-16,-0.478734401794229,-0.52605426375171,0.08129444914261368,0.03359850780418007,-0.26701797819976014
-0.9013225738895971,1.8013699101876903,0.5568997514903412,-0.2674551480894699,-0.036157414689684725,0.6307283961990447,-0.3418989033686983,-0.5283626163809986,-0.02018243294621097,-1.0021714992308018e-15,1.0392493653268604e-15,-0.4326802996171574,-0.4524235904472206,-0.6999997317144969,0.09103393314211541,-0.14005759243892615
-0.8877233684487361,1.823762213299271,0.13794852364965116,0.03635501087126823,-0.13207531655879343,0.3286507207457932,-0.2782655513205566,-0.40189027046120857,0.09976425640660672,1.369906281921191e-15,5.005501543580608e-16,-0.40382375136735094,0.027970104451544693,-0.23720967913834962,-0.0844753419291205,-0.006327496661104074
-0.9803306322930155,1.8911880015344875,0.2145103821923014,0.007886861802401418,-0.3050918268998432,0.5948221638200636,-0.40895908687544774,-0.5399011412506232,-0.061160461508260835,-1.7726442680770377e-15,7.44459053905077e-16,-0.46116553552062434,-0.49531378955014566,-0.22762482187862262,0.059028884177981356,-0.21549021564068138
-0.9526848650050151,1.8387659288180112,0.5993628618724539,-0.28324429139523677,-0.13211667320804055,0.7783536966158676,-0.4143847877520353,-0.604906876823655,-0.10943528273463049,-2.72951991887815e-15,1.1190086077716909e-15,-0.46448347885491525,-0.7426498489934055,-0.6946837315603228,0.17062494503076991,-0.25606443700768705
-0.8534129178773908,1.7664876969939936,0.5172910625585369,-0.25272737002351764,0.053351346834794255,0.4930266463729848,-0.274285607483154,-0.45696375336541245,0.06307073272475502,6.279409742853556e-16,7.710418788666538e-16,-0.40301496841237183,-0.18170669073938345,-0.70495838393223,0.016793124984237125,-0.03184886775681372
-0.808715310045318,1.733944121952475,0.4803378929476911,-0.23898699902060322,0.13685909565136536,0.3645569531247745,-0.21120536781380697,-0.390351745591584,0.1407422849686563,2.1413114149234038e-15,7.190508813924082e-16,-0.3753385154638842,0.07086030355447032,-0.709584588974224,-0.052470292964986454,0.06910512654065105
-1.1167293974483752,1.982429989008279,0.022227467314139927,0.18128672703383072,-0.5985485599089935,0.7243132901867513,-0.5252466106180935,-0.6178637895027598,-0.17226541513323623,-3.848548962860541e-15,9.394117295337224e-16,-0.5105375810319864,-0.8162805222978953,0.08661044929678778,0.11318951969283449,-0.38302482276852046
-1.065367106332957,1.945033970377958,-0.02023564306797313,0.1970758703395973,-0.5025893013906372,0.5766879897699284,-0.45276072623475677,-0.5413195290601035,-0.08301256534481671,-2.118401633109121e-15,6.876680333033049e-16,-0.478734401794229,-0.52605426375171,0.08129444914261368,0.03359850780418007,-0.26701797819976014
-0.9727598424886778,1.8776081821427426,-0.09679750161062332,0.2255440194084643,-0.3295727910495872,0.310516546695658,-0.32206719067986556,-0.4033086582706888,0.07791215257005053,9.95085410216343e-16,4.2050846075649013e-16,-0.42139261764095565,-0.0027703697500193586,0.07170959188288661,-0.10990571830292183,-0.0578552592201824
-1.0316929234084335,1.9285840201648083,0.2569734925744144,-0.00790228150336523,-0.40105108541819956,0.7424474642368866,-0.48144497125878494,-0.6164454016932795,-0.15041331129668023,-3.475982455245035e-15,1.0970768256964228e-15,-0.4929687147583818,-0.7855400480963309,-0.22230882172444852,0.13861989606663583,-0.33149706020944225
-0.9803306322930155,1.8911880015344875,0.2145103821923014,0.007886861802401418,-0.3050918268998432,0.5948221638200636,-0.40895908687544774,-0.5399011412506232,-0.061160461508260835,-1.7726442680770377e-15,7.44459053905077e-16,-0.46116553552062434,-0.49531378955014566,-0.22762482187862262,0.059028884177981356,-0.21549021564068138
-0.9324209762808087,1.8563057883407907,0.17490169326049723,0.022614639868353704,-0.21558306537536465,0.45712041399400327,-0.34134579098990364,-0.46850227823503715,0.022092704162705364,-1.500248604245398e-16,5.715643461498933e-16,-0.4315002043158387,-0.22459688984230916,-0.23258347409635566,-0.015211923979896876,-0.10728149095856898
-0.9815975286736474,2.059438362034257,0.24408409825702956,0.02192033768706135,-0.43697721404482837,0.5883687864989552,-0.3606462149342547,-0.45967727769547667,0.0072608991764665145,-1.5132621671923562e-16,6.026095709723235e-16,-0.6138403110546873,-0.323843143643888,-0.184480393759402,0.24373908114313958,-0.3437125966775208
-0.933687872661441,2.02455614884056,0.20447540932522523,0.03664811575301359,-0.3474684525203497,0.4506670366728946,-0.29303291904871054,-0.38827841467989066,0.09051406484743273,1.4256288762494723e-15,3.093038873746396e-16,-0.5841749798499014,-0.05312624393605107,-0.18943904597713504,0.1694982729852612,-0.235503871995408
-0.8889902648293685,1.992012573799041,0.16752223971437918,0.05038848675592832,-0.2639607037037785,0.3221973434246845,-0.22995267937936345,-0.3216664069060624,0.16818561709133367,2.9491076990850838e-15,7.653912967467971e-17,-0.5564985269014137,0.1994407503578028,-0.19406525101912905,0.10023485503603757,-0.13454987769794305
-0.847281471791373,1.9616451044431256,0.13304003410760004,0.0632100742685964,-0.18603690461491418,0.20231809021105895,-0.1710904541112794,-0.2595085738398732,0.24066347115573342,4.3402305767812596e-15,-1.5395799330140906e-17,-0.5306727276239415,0.4351192352737692,-0.19838211355398272,0.03560290481620012,-0.04034641897300945
-0.770976252227242,1.9292635248326144,0.18192857283663244,-0.05368649230635155,0.1060166604453036,0.3300667581943794,-0.3255662882076635,-0.3500756669807714,0.16759380978955163,2.7860709778512046e-15,3.085548462731372e-16,-0.4176761685379772,0.31631229629499086,0.24413367551057408,-0.14357231191103279,0.14753513122444015
-0.7594145520704298,2.082348623059577,0.29174418862010904,-0.16049482355673314,0.16686716525203532,0.5609282188412572,-0.4748048616187535,-0.41845319157890926,0.09476647999200438,1.4437466968442117e-15,2.790982388836541e-16,-0.4819434926249622,0.12678047713289903,0.6582556473980574,-0.06959920951818185,0.10076229510310378
-0.7679119225733013,2.226504519179356,0.4020565565457645,-0.2616252900581741,0.2056065297939512,0.7921660210356856,-0.6159454644075268,-0.4882134153748199,0.020320611721758825,9.02814796217922e-17,4.2929401107618676e-16,-0.5472205980044028,-0.08506868194293093,1.0112652088176288,0.011872606256639653,0.03758536264528328
-0.7931345572564437,2.363554183065338,0.5138853204836155,-0.3588571893364607,0.22550912790800628,1.0260659160985008,-0.7519712098189865,-0.5604748158294311,-0.05669603452682398,-1.3623267166244955e-15,6.454940260989009e-16,-0.6139526031729065,-0.31963536111928315,1.3144707497269796,0.1004832618351627,-0.040530850372318065
-0.6861218402287678,2.5628613614805795,0.5956459849259508,-0.47848035645524334,0.5224548016361903,0.9342527249870348,-0.7124259039724319,-0.37876684535806493,0.15882995718384202,3.0552266013321774e-15,-1.5624649783010736e-16,-0.7076547065020231,0.3520290519703143,1.8067263015161952,0.08408365533373933,0.14632909074299083
-0.7347745951912117,2.6765220285360205,0.7044422821169906,-0.5666908881040296,0.5243685104884008,1.1460512320820802,-0.8256890084669002,-0.4423727418381742,0.09411514559282326,1.8442642453958525e-15,5.60145843845925e-17,-0.7720474485827871,0.12555175303140623,2.005815345110681,0.17148435072255988,0.06026128526505397
-0.7925178114339797,2.7873026268084335,0.8163780860269846,-0.654638708455186,0.5154606936281098,1.3643940201195681,-0.9398062761422965,-0.5100976254532654,0.025531678550977106,5.956559736034023e-16,2.0992333242913814e-16,-0.838598173316981,-0.12156126078192028,2.181424559020859,0.26454363219451243,-0.03638698641524123
-0.6729504686786758,2.760862587816319,0.7783265951433576,-0.6857812163167483,0.8432230248875615,1.056866916170912,-0.79388142988913,-0.30577598766597436,0.27513704256414206,5.4654329773955e-15,-4.382764671494267e-16,-0.7925839956684502,0.6588333542101913,2.318125048482594,0.07572838628122909,0.2757953695763277
-0.801389240651691,3.037796801284285,1.0128000890784579,-0.8493285091377604,0.7623823589299322,1.45456244676032,-0.9731743470080515,-0.3858849265836908,0.1950838209904253,4.123943171126762e-15,-2.8343855968694774e-16,-0.9965804841736101,0.29226721814692574,2.601166769220801,0.34008690617592346,0.028757877235669086
-0.8749197802682408,3.1335395708675637,1.1280973626756694,-0.9360333473390007,0.7426782554269415,1.6669984501465207,-1.079210749431179,-0.4524056383916157,0.13186773723597583,2.8882853594919064e-15,-2.2739951037593353e-16,-1.0646374553960638,0.0378959385705573,2.713083135143065,0.43446390534955004,-0.07642100281301742
-0.7689954928151242,3.0939307910364935,1.093792521188595,-0.9670101390789688,1.0620807114986741,1.3550671820680211,-0.9271462779336751,-0.24725959325174152,0.3864060004467698,7.835864379812825e-15,-6.343669787989467e-16,-1.0203819410084287,0.8118727810756016,2.7956316268847887,0.24659132360638816,0.22861899798124077
-0.84219472298025,3.260254739413726,1.2201990629955888,-1.0458594897108224,0.9888158101891337,1.5456271575905447,-0.9998453821571821,-0.2661765926716323,0.3686834600274095,7.65058717427388e-15,-7.018734148815504e-16,-1.1583873804412788,0.6716754315201964,2.9079285499016896,0.41953343340316995,0.07387290382407359
-1.0032594895988631,3.4333965326146973,1.4559091266783264,-1.2215729959293524,0.9488135613809308,1.9590485210497348,-1.2031867424002372,-0.3940334286312942,0.25501974160677204,5.551254936755199e-15,-3.5859264533160877e-16,-1.2964978499504267,0.17294055800985098,3.0701806056345364,0.6038729344570812,-0.13708511164793072
-0.9062258729675977,3.385959060157086,1.426239067236094,-1.2550157643932642,1.2657253991925275,1.6468497983498862,-1.0497924531061131,-0.18877504415558477,0.5134384556713799,1.0529302153590074e-14,-9.769846872747679e-16,-1.254684599580763,0.9428273334798527,3.1234926019647764,0.41618763001406706,0.16421548005685413
6.744154370104477,0.9325945505867913,1.2454036667214052,-2.7029364990668228,-3.16134894933506,-0.1124984640792636,-0.46808964299007105,-0.7475189891458025,-0.5793665828603548,-1.2517538799441357e-14,3.811255168567754e-15,1.3282973321895797,-1.8996346718104944,-0.4345922610294404,-0.7987498236998792,0.46816520896924796
6.740098441368756,1.4712427639514456,1.3400829843377327,-2.658008769401849,-3.583575849435217,-0.13315874768197208,-0.313417509888314,-0.49068482460177726,-0.360317758362547,-7.406910455071345e-15,3.0102724693843263e-15,0.8395138619908028,-1.3506768164600715,-0.2964667375296572,-0.20740596393054464,0.057665307193704274
6.949679469982654,1.31865034876897,1.1668145775209433,-2.5935820309699746,-3.192019326769373,-0.7355357374713863,-0.017642810607280342,-0.17835014307418007,0.003873629115559217,-3.2481694227846407e-16,2.4667137893745366e-15,0.969285000954666,-0.1664243916570615,-0.3181583863293539,-0.5321727486240285,0.53102491173975
6.736757971929068,1.9148743000887358,1.418061022828184,-2.6210062188838923,-3.9313226044460103,-0.15017459053504562,-0.1860292919325793,-0.27915579299600846,-0.17990879368035426,-3.31216332464582e-15,1.9535353585372297e-15,0.4369510086429507,-0.8985542425773818,-0.18270633389402377,0.2796257914634441,-0.2804230731080514
6.946339000542961,1.7622818849062591,1.244792616011394,-2.556579480452017,-3.5397660817801664,-0.7525515803244595,0.10974540734845442,0.03317888853158896,0.18428259379775178,3.766499165347764e-15,1.2599456711737277e-15,0.5667221476068133,0.28569818222562854,-0.2043979826937204,-0.04514099323003964,0.1929365314379939
7.095010422328353,1.6540367280383679,1.1218804394546205,-2.510876799884931,-3.2620058984320885,-1.1798624114387675,0.31956041475195274,0.2547411238288537,0.44263065009111513,8.73196431469349e-15,4.973673361569824e-16,0.65877847476613,1.1257765658116565,-0.2197854836008825,-0.27552224456935276,0.5287257290054895
6.733914891065688,2.292450073061214,1.4844283023373628,-2.589513267017982,-4.227290629995117,-0.16465681169084523,-0.07760890035938346,-0.09912297046476325,-0.026362328331770005,2.6103085115938647e-16,1.2212894536534806e-15,0.09432888162675059,-0.5137517287650305,-0.08588460496469667,0.6941395861908788,-0.5681708347684048
6.943495919679585,2.1398576578787383,1.3111598955205734,-2.525086528586108,-3.835734107329275,-0.7670338014802597,0.2181657989216501,0.2132117110628343,0.33782905914633626,7.211041588789913e-15,3.5747566754199697e-16,0.22410002059061382,0.6705006960379793,-0.1075762537643934,0.36937280149739504,-0.0948112302223592
7.092167341464974,2.0316125010108466,1.1882477189637997,-2.4793838480190225,-3.557973923981198,-1.194344632594567,0.4279808063251484,0.43477394636009875,0.5961771154396998,1.2294693735859734e-14,-5.770311365858968e-17,0.31615634774993023,1.510579079624008,-0.12296375467155538,0.13899155015808187,0.2409779673451364
-0.31712006391673836,-0.7656091123119931,0.3307902354891792,-1.1529011527268194,0.25846541030045883,0.33867320789144345,-0.5178413934726527,-0.1862623074327355,0.43330570408943836,8.088705486256067e-15,1.598367753299396e-15,0.16606893415493149,0.6859499848658159,-0.36380687517040544,-0.04590816547916298,-0.7805690401986572
-0.3203565404404039,-0.7629566713519456,0.31846043273667046,-1.1508846674014799,0.30592013400464846,0.2724044691528827,-0.4630282584471832,-0.12854604355623453,0.48558097737947903,9.151197033558215e-15,1.4518444502081334e-15,0.18855975238911107,0.8598991062480538,-0.36120928236418165,-0.0790182073559023,-0.7162041538601434
-0.6087771257593417,-0.5513379141114766,0.4745556883195346,-1.223020195495453,0.06069336116079882,0.6866357664589842,-0.5441757829440551,-0.2151467046359748,0.30215020076211485,5.575454987370273e-15,1.5832036324243566e-15,0.14440328971248945,0.2851866143441562,-0.31894012111180925,0.1586805579272967,-0.9742677704214425
-0.7363224083177843,-0.44324843304084804,0.45893122215291315,-1.2152260882452517,0.09364898457873369,0.6281123495259411,-0.4021034359529257,-0.06071149437294456,0.39558806185777284,7.476997901857082e-15,1.2090988516126396e-15,0.19776409313382703,0.6282975830680405,-0.23504267258803083,0.14260402038239559,-0.8727631585123976
