0,1,2,3,4,5,6,7,8,9,10,11,12,13,14,15,16,17
-1.3112249437728813,1.799561089141135,0.5424529791650884,-0.4900427108742988,-0.381995310208911,-0.013987809167924524,0.20663051789373654,0.03289344819153265,0.2926472950793441,-0.011833506037870669,2.663629448899321e-15,2.6659436747935593e-15,0.889808082118739,-0.6754622600943221,0.6509105239091683,-0.12054120651925757,0.2577258129485545,0.75664065894287
-1.2844114802879005,1.9751966100843432,0.5426520386112482,-0.42863431967603616,-0.22668916973350003,-0.04423029689120309,0.2425478052772296,0.11135961998763634,0.39487187402660134,-0.2417687103478872,2.572016610083086e-15,1.5985239434881383e-15,1.0856824905169673,-0.6093253096523331,0.3312292315095436,0.04706310580050825,-0.05096014412564461,0.6575138433479774
-1.3873523491750523,2.385314946569063,0.5817901021730576,-0.3524010088529525,0.04873515096187514,-0.10693433089180199,0.4181859190395491,0.362395839599941,0.630429701680405,-0.6132334462047639,2.849688518225155e-15,1.1223646278903847e-15,1.6077748505960328,-0.44765504473796147,-0.1622847505518533,0.3509869024286145,-0.3284600987975138,0.6773504111763663
-1.3874583872367248,2.017211349862145,0.5897561915028892,-0.4700973865228716,-0.25137438868116074,-0.13234802794224448,0.24976578398691823,0.10582859568509805,0.35717494001915945,-0.19436423164289102,2.9202743583386617e-15,1.4099762192777688e-15,0.9777646934616014,-0.6098993385461342,0.3526644136130856,0.04732540934418908,0.1434004722132055,0.8117573782612837
-1.1864950832611008,1.7141404266255136,0.49963907382219874,-0.45826043928102816,-0.38289981150231905,0.03635303162292181,0.14321286453061208,-0.02780723417231928,0.2749957312302374,-0.03426363749216688,2.060731914657836e-15,2.268804746406618e-15,0.8375438194847946,-0.7032671420023326,0.6298747567595994,-0.1381047094992738,0.05115481198305556,0.5899355415259232
-0.7530718094326131,-0.6997254781799149,0.2610917606990121,-1.0800174830812825,-0.0755865511134828,-0.6327135619045827,-0.6548875738777168,-0.10215653156600087,0.43478881874468145,-0.025519628028380485,3.664693905307895e-15,2.7063002313973363e-15,0.4192915333743523,-0.2583224610754957,-1.027388957010813,-0.2249248045081809,-0.3715449173136653,-0.2095699402991172
-0.7377421838232928,-0.5812302711761858,0.22242986339016368,-1.0181413663295158,0.035384850544553204,-0.49490696334532,-0.5152215988211317,0.07882735366812418,0.6139769483918481,-0.16507222573837513,4.521356672664752e-15,2.265654234189621e-15,0.9151762641881163,-0.17470245105705176,-1.1115542159406662,-0.14631829251671363,-0.5267031317015468,-0.2939126418424486
-0.7257929044887246,-0.4350449532011245,0.18476348934447376,-0.9492254201522159,0.16699068376767381,-0.358246045958239,-0.3633279305704491,0.277914403405164,0.8114102191441505,-0.3330085940849142,5.4409395404763084e-15,2.721536392596416e-15,1.4523914785684375,-0.07952150522793267,-1.2318710160906816,-0.04598657304026845,-0.7092144280816054,-0.3827815201300606
-0.7037851088128327,-0.40203735265065027,0.14844171653017676,-0.9130879023107387,0.21139820252693936,-0.23490178653023416,-0.27242829857040446,0.3899525499193774,0.9215174079578045,-0.3826505549071917,5.725218852119122e-15,2.4846859239791368e-15,1.780440189025721,-0.03590036476306616,-1.2133225665989305,-0.03264069947988906,-0.7751194696535416,-0.44495567996376995
-0.42081841993010705,-1.663488052291573,0.9538413969970158,-1.292955142600443,-0.08088330529570983,0.30530359966540543,-0.5328075200353202,-0.8719005864105684,-0.5973375666949429,0.49609163707440335,-2.9281997030823835e-15,-2.247413848608929e-15,-1.0697791970795838,0.23023705110511364,-0.30719244663611345,1.4385795597409858,-0.10424874613338006,0.48297244837181613
-0.325572502285277,-1.7870174005284516,0.833916083236437,-1.2389347729149056,-0.11194199961177435,0.6943818320119016,-0.35236501345092536,-0.6741501538809758,-0.4066867750253208,0.574046093442692,-1.225160078078171e-15,-5.823330094015119e-16,-0.3958254547717316,0.2705362603156953,0.04387407955266896,1.3030163371111343,-0.08474720241653476,0.3283491417950718
-0.17937952661358697,-1.97662261876863,0.6498426981450405,-1.1560188980249906,-0.1596139949562376,1.2915780789725582,-0.07540377849700362,-0.37062298036295716,-0.11405684150649946,0.6936984021730884,2.3199918014286414e-15,2.889914798409077e-15,0.6386262623135478,0.3323915235898662,0.5827261520755669,1.0949403229579164,-0.054814279550607053,0.09101780145412927
-0.12359080759304548,-2.0489778888944974,0.5795984315320845,-1.1243773610405934,-0.1778061108304802,1.5194742105666612,0.030287431668424483,-0.2547939391884799,-0.0023862973981182835,0.7393589340915991,3.457991780469425e-15,3.3336210811074322e-15,1.0333835064262105,0.3559961180438019,0.7883575562486824,1.0155364101832216,-0.043391573257379204,0.00044976013603329124
-0.2146613936217979,-2.0511435083456484,0.7097598562192637,-1.2294644599701425,-0.2646112795123114,1.0508210474927049,-0.2603002920656407,-0.5907016511396885,-0.3269605780599876,0.8071099499072082,3.125328385278602e-16,-1.4204508862652957e-15,0.000509583440194638,0.23655677376882492,0.5704919808286291,1.0304306877498612,0.08678680730713828,0.21306884155219652
-0.23360814534892485,-1.9374386413688818,0.721145604965276,-1.205954894030494,-0.18373381170311176,1.0218524346936442,-0.2249391476736879,-0.533963965892161,-0.2692312663337595,0.6936322525817415,1.650849214215651e-16,-1.4207196027114703e-16,0.11598559362002618,0.27822404052239746,0.41004826313585085,1.1220837040223357,-0.019055283217632894,0.2055299517464692
-0.24051289702712295,-1.8766767015211396,0.7216372010401649,-1.195112157201893,-0.1492840739953367,0.9994407215336556,-0.21225448438798597,-0.5047331508097175,-0.23688772321236412,0.6382413760455199,4.37021800765122e-16,5.461255338971155e-16,0.17520921448325208,0.29427475040758716,0.3287453438575822,1.1499019402628219,-0.07170738349978573,0.20383710301251223
-0.2459769837371006,-1.8902489381309076,0.7336963806826642,-1.1937907977860371,-0.13789726300411267,1.0195284044341382,-0.20157204263537046,-0.5088932209905459,-0.2473629005769594,0.6391914091811872,3.9603501394715215e-16,3.088050346308857e-16,0.1673871103747745,0.30421367698103624,0.3372548657098565,1.1897282795429214,-0.06845006839741063,0.1991328712090362
-0.2462550917688736,-1.8909397302450603,0.734310162068865,-1.1937235439729275,-0.13731770346177272,1.020550816092455,-0.20102833368490194,-0.5091049579177644,-0.2478960603004354,0.6392397634368023,-2.0186842314627772e-15,2.9060514701208662e-15,0.16698898529122444,0.3047195429114267,0.3376879785975685,1.1917553383027457,-0.06828427939367275,0.19889343784765157
1.347034161860572,-2.1630475941677876,-0.2450184752531271,-0.28078250965429485,-1.773166730606104,-1.2362342382671567,1.7974730557351275,-0.8678863221918574,1.824692727275607,-0.3482268097754196,9.253360999792601e-15,1.1375254015034912e-14,-0.8098877136590648,-0.5587441892815049,0.33943359951063345,-0.3646477010170248,0.19439880720331396,-0.10049289171179956
1.1529970691632854,-2.156096904690132,0.07999699186464529,-0.23397321341334001,-1.3685322943868983,-1.0730924653365734,1.9964916990672752,-0.9366340461173457,1.633121261480109,-0.5889539662651557,7.257136937344857e-15,9.28047743552259e-15,-1.0678030205711344,-0.29479326782832654,0.028255248597930056,0.688877264539945,0.04369555556692327,-0.13610133995253645
1.3129350892407436,-1.7827189736997375,-0.24910782854296493,-0.17094950583296564,-1.4803673673619298,-1.1929109629814345,2.0015675784642584,-0.5763973024579074,2.11713722108389,-0.745568989957542,1.0507022989062283e-14,1.075226229414561e-14,-0.11018251967007897,-0.38582117413270783,-0.1279220400580646,-0.0721920900655744,-0.19707029670570084,-0.18954970821794734
1.1533643236434672,-2.0729215505395815,0.07644955416813812,-0.15507523829278475,-1.1971870993271327,-0.8241932702161764,2.205449861408296,-0.7348035330021604,1.808850223457462,-0.745686120957368,8.303313494810234e-15,9.691575530950437e-15,-0.497093284080672,-0.15851958051564558,-0.026628588692860073,0.9261943384052662,-0.12443146402206214,-0.2571769226196277
1.0476916362972846,-2.145952041960509,0.26217209102838873,-0.17005762332353455,-1.0650536011244562,-0.8246084028440952,2.219152354495022,-0.8811418812126934,1.6020277971129473,-0.7770359985306989,6.603863828417807e-15,7.946779927779162e-15,-0.9311960296884491,-0.0786503168601985,-0.12478599195287615,1.4025114945162316,-0.10156694360361501,-0.2236694179088377
1.2609928491507465,-1.4245478184320495,-0.2243928677808565,-0.08864614749322565,-1.2197136323977733,-1.2470894870808376,2.135644387995218,-0.3707823664860837,2.3252514566698927,-1.107723689273631,1.1093209804167427e-14,1.0923042927462382e-14,0.3364417116556847,-0.2456983484585606,-0.6149963418258126,0.2127844070040466,-0.5403725769234575,-0.23017602977593374
1.0514084595485866,-1.943651873215,0.23012223211948662,-0.07966443112142087,-0.8737713201282044,-0.6592090794824249,2.418154933691928,-0.6294778799148444,1.8476459078153302,-1.013797695843837,8.072678825076144e-15,8.350944734514508e-15,-0.26271928973071534,0.05507237902124759,-0.31626354183169836,1.580585679857535,-0.3512713376301145,-0.3344699153800784
1.308819878059012,-1.8973091011939776,-0.2271474075111337,-0.2193745293813862,-1.5795335046062657,-1.2748824744683211,1.8978965871357794,-0.7142108843002728,1.9801963963459879,-0.617117101363264,9.819841894685494e-15,1.1552236322840704e-14,-0.47506146552771417,-0.45441211502829154,-0.02117679657851332,-0.15337048678282697,-0.06072147342019661,-0.13133986452457705
1.2930432960574934,-1.6432932155510793,-0.2399592660479056,-0.13856182635665992,-1.3786529128817842,-1.2124309064215133,2.0547208149916267,-0.4952183568891098,2.199262629058657,-0.8867444570517256,1.0709870594135164e-14,1.1095832214148196e-14,0.06718557271815497,-0.3308996653142512,-0.3167499672682088,0.03858305498599718,-0.33112729278920144,-0.20607926231179177
1.255200384230676,-1.3832437411121072,-0.22182724022784528,-0.07894453429016661,-1.1895049491101761,-1.252391446839613,2.151684928101471,-0.34638488735810163,2.349921224336966,-1.1496070398560112,1.1139285107519901e-14,1.0890706588700699e-14,0.3900605861788962,-0.22931314541321263,-0.670697918331557,0.24555252447807913,-0.5802145455564013,-0.23529167628380895
1.672778804965875,-1.3690217889748324,-1.7702511208480047,1.3840434598138578,-0.2957960821858294,-0.9844669708174255,2.2564643743968644,-0.3803536112856372,1.9898233959510525,-0.8490482888519151,9.050671885150071e-15,9.3119479463216e-15,0.4713191664326627,1.2368334816245665,-0.4858721396998323,-0.09090745055049398,-0.00030375388457083637,0.36240140721669145
1.6940348242473227,-1.5371707312701073,-1.7773463132741227,1.3420705028119735,-0.4205447308928305,-0.9740191976472802,2.1843476586381523,-0.48775365716934027,1.881502409413158,-0.6771295265251226,8.886756211795395e-15,9.963426469692314e-15,0.22814169878873286,1.1674646036028933,-0.2646155837356644,-0.22318566471049964,0.16486653667907566,0.38829751585889277
1.6957288185860628,-1.6131844882614605,-1.7691516233796156,1.3146617107763314,-0.48296104500648696,-1.0072065904342606,2.1285448481472082,-0.563803526743508,1.805674654546895,-0.5946062752961179,8.438272337172672e-15,1.0055516453450805e-14,0.0334639864794672,1.127034510527921,-0.1833324846793726,-0.279168156342705,0.24965634110396612,0.41726428466617105
1.6963012270542115,-1.7695381090091982,-1.7481009493378874,1.2551811668563446,-0.6135615147638267,-1.089417600958689,2.005227379315677,-0.7303482355967067,1.6398217006581135,-0.42309529963636505,7.593098926375753e-15,9.850716512162675e-15,-0.3981496384624951,1.0405360691481327,-0.023034323114635206,-0.3929154912762594,0.4277856748018086,0.4831964775170091
1.1581183081095237,-1.6822759049354687,-1.3395472986842896,0.9111416521695698,-0.7674047489565454,-1.4897059731486022,1.9619853586641338,-0.7500756497905743,1.641578072154486,-0.4505877111023003,7.536848662464128e-15,9.93166336145563e-15,-0.8201099568449687,0.5479981566321651,-0.07877296400992724,-0.33480232947816785,0.9865903846559634,0.15593104758632198
0.8037590542129636,-1.8860735432692886,-2.6207810150935695,2.331182586996866,0.5508767715515092,-1.318479583231932,2.513178231981345,-0.25133586806845193,1.7384067155746337,-0.4045756504268453,8.504546064308954e-15,1.0794157741131484e-14,0.02662511577507129,0.6575027478749473,-0.22286776781584475,-0.4675875895982059,0.5242288900852567,0.39784765202357697
-1.077345772026273,1.2761445217222516,-0.8548759062357828,0.8158877897637711,0.2400920237058118,-0.4806345188594847,-0.270728360905301,-0.7987185688175731,-0.8588758685153551,0.7725084653460994,-4.830186365684157e-15,-6.099152910005719e-17,-1.3416766340452984,-0.011963008295679319,0.8973849769805157,-0.6904555695189218,1.355560662607222,1.4578523370123044
-1.1152577536923678,1.50366514870112,-0.832093304556595,0.8629298498339256,0.40192583674894317,-0.5385999966969172,-0.1999715854333161,-0.685187863720448,-0.7433609433565794,0.5454423992217396,-4.5870160037289716e-15,-4.803264545225539e-16,-1.1106119933162308,0.07141216207592388,0.5763410655379213,-0.5070601504725358,1.1437732568678498,1.4427672049425042
-1.3179423974605537,1.5727150628757278,-0.4931315386821154,0.9793469347520416,0.9717125725471243,-0.14466867870651956,0.19029896979420285,-0.5860873224376733,-0.7970028655562471,0.16485229718288016,-5.860097254548534e-15,-2.7739499225880322e-15,-0.8929621258100635,0.46574009474487515,0.21556983754257078,0.8048636393340898,0.8474699424265111,1.2995098910865472
-1.211843065049428,-1.098152872353093,-0.9068910275767675,0.7840158041785588,1.895532957620475,-0.008251516455883498,0.18029590259979394,-0.11006874081623011,-0.26799649964368943,0.08167821661282917,-1.877834043270904e-15,-1.746286977482609e-15,0.0669037184769394,0.19705761487540335,-1.2054331427647915,1.1692643670556688,0.7652343338493639,-0.36482443306561296
-1.0945849312319087,-1.4274085179859723,-1.0297434790444628,0.7824271388059673,1.7088083445303017,0.3744792653575311,0.26079750126362894,-0.05759576379994685,-0.22342774990601488,0.3723960694053059,-5.5409152657891005e-16,-5.329817949156377e-16,0.4005714726247972,0.14790826209413696,-0.5931201143491885,0.8737871754417087,0.9919258400621147,-0.47905479417226493
-1.0523072273358696,-1.0028207736223975,-1.1835381407230026,0.8098281143756006,1.7029871269056769,0.023009569225211888,0.17480332223433975,0.11605057505918198,0.04458062027580075,0.13292442054838727,6.881857556770301e-16,3.505801092469348e-16,0.7445547126173908,0.0853272068457325,-1.0365477991073428,0.4733116406735127,0.7338765123878999,-0.4252171633679433
-1.1671212375083762,-0.9920974327436908,-0.9861539408417085,0.87243185834761,2.018442041132436,0.2635749689029338,0.396175155272182,0.15962047325244771,-0.002415140630732119,-0.062045312806039,-6.113080214070691e-17,-9.809632645501417e-16,0.842663255038138,0.3074284619927324,-1.2073676019560295,1.2246743013855035,0.5867168414001308,-0.5079169035094465
-1.0656500893777356,-1.287758090593271,-1.0909644126681646,0.8669316790684706,1.8478609622760158,0.5889447305047719,0.457257137553715,0.19345843270178975,0.024633433875132005,0.2013305253432266,1.1404425704479963e-15,1.6511888243090359e-16,1.101355435562219,0.25891287814957453,-0.6665810702418935,0.9611883529024502,0.7951672567152918,-0.6021557734065557
-1.1634936190761727,-1.2789964817658985,-0.9381509894998727,0.8367158988195894,1.9346925325375266,0.43176534099026437,0.392175815844372,0.03139906468909306,-0.16857433787709142,0.15225624341197203,-6.398700905966906e-16,-1.2466332532365234e-15,0.5853860211596779,0.2875702242297084,-0.8633911344332704,1.2837209910034004,0.8001582411044139,-0.5209415886746211
-1.096896161952657,-1.3653701624036203,-1.022004672037497,0.8744877985806316,1.912975800585406,0.7038150155286825,0.5183440799827379,0.16966930531668262,-0.035268278806631186,0.2067632364038745,7.045640429739542e-16,-3.59024920030844e-16,1.0566251730984517,0.31574807083853845,-0.6179198480675594,1.188933034418396,0.8137940299512175,-0.6290566584295283
2.253887682427644,1.3270999047378338,-1.8202023229320559,2.606040413691421,-1.7740284081130093,1.67413084361803,-0.1528154291499493,-0.14899192280629953,-1.1670523229025958,-0.02942185555292487,-9.601870596317962e-15,-6.453051885735517e-15,0.45594925414835796,0.0062645379398383275,-0.5790717058863442,-0.18080136959253393,1.188555916807103,-0.3008951225626838
2.2654882209744165,1.3512931077023977,-1.8402985266128191,2.6277001884891655,-1.7449264004855756,1.7428386183303215,-0.09946944630671876,-0.0826116082632719,-1.101721903846663,-0.06305698778178555,-9.217489060539409e-15,-6.498600882968608e-15,0.6478898224302396,0.033045107369856004,-0.5762017024459948,-0.1688355711463579,1.1460440249722972,-0.3365871844350276
2.257277167083065,1.5481615702572817,-1.8560136044028905,2.694611700960402,-1.586183356918922,1.8104762580969267,0.03384585884839622,0.10106587917509186,-0.9183112428324903,-0.2744629793902477,-8.185638190496181e-15,-6.134572722797248e-15,1.1111456455930606,0.13337299784158485,-0.7957699025883094,-0.022002938568664285,0.9313366594809778,-0.40326999841015027
-0.4685347363785109,-0.7240606985965585,-0.07078963797446014,-0.7460435670529437,0.027755325815232122,-1.2494079277937808,-1.1987013946755969,-0.8367893287535949,-0.36381532611779677,0.2109721204248655,-3.0861013837926243e-15,-8.622576355562392e-16,-1.4961788876696713,0.1548020380192941,-1.382463569945295,-0.25902439680315664,-0.047717208637394544,0.49405726231864516
-0.2591750295896729,-0.9955901117849353,-0.33439703602693577,-0.6273015879986572,-0.04051467772972782,-0.3941764737199771,-0.802071374146812,-0.40211481885864303,0.055253488903256646,0.38232352877610887,1.1796743097897912e-15,1.6290586225989982e-15,-0.014763606387316,0.2433835839036112,-0.610785509575966,-0.5570054257326007,-0.004850935988174447,0.15418033186224617
-0.11298205391798102,-1.185195330025114,-0.5184704211183323,-0.544385713108746,-0.08818667307418582,0.20301977324067808,-0.5251101391928908,-0.09858764534062311,0.3478834224220785,0.5019758375065062,4.206346591493263e-15,3.4581058225061327e-15,1.0196881106979634,0.3052388471777825,-0.07193343705306762,-0.7650814398858192,0.025081986877753537,-0.08315100847869643
-0.01040388775705875,-1.318234249933938,-0.6476278597363965,-0.4862067318495082,-0.12163633669310253,0.6220501375242558,-0.3307767558774111,0.11438606763316242,0.5532109479494607,0.5859314061656183,6.230716267991512e-15,4.5372447042003e-15,1.7455243530556193,0.34864038165584516,0.3061589930206043,-0.9110806293533349,0.046084804019382926,-0.24967757073541944
-0.1512236780578868,-1.4855771371140454,-0.4213546849143776,-0.7005807150765482,-0.3690252571486513,-0.14335333640139378,-0.8773461310163257,-0.5552275319099951,-0.1042541678616523,0.8553619918611503,1.365655191875934e-15,2.63347762554588e-15,-0.23074237808891498,0.09397347622793456,0.1428872990097126,-0.964644756259848,0.41761239586141186,0.12930643222643484
-0.1899564116799477,-1.2531309432982793,-0.3980788654167471,-0.65252024707522,-0.2036879232459005,-0.20257370193455823,-0.8050575505762443,-0.43923901415903965,0.013761526093711502,0.6233801996334553,1.6335675131956604e-15,2.2904813942891305e-15,0.005324553406785414,0.17915362568937307,-0.18510685366765303,-0.7772790317247306,0.201240029909709,0.11389472393697482
-0.25064758494153494,-0.8889058834167837,-0.3616074712796821,-0.5772132414049505,0.055382786206566254,-0.29536739680407564,-0.691786981988637,-0.2574940514650438,0.19868291582366096,0.2598828208270833,2.0433713383137775e-15,1.8376248869939757e-15,0.37522302689269826,0.3126242776669961,-0.6990481143896052,-0.48369155189431506,-0.13779859512332657,0.08974577883076339
-0.282039809315808,-0.7005121815311475,-0.3427428139256622,-0.5382610463507148,0.18938589411948223,-0.3433644997321453,-0.6331983122857527,-0.1634873229545758,0.29433263630252254,0.07186550856049027,2.247344882958939e-15,1.5094170646753152e-15,0.5665512753238469,0.38166134564725795,-0.9648818181185077,-0.3318348065882063,-0.313164731854751,0.077254850373857
-0.3550468855632825,-0.7176272061360423,0.34309231855304295,-1.2573441622291226,-0.4341396346754663,-0.3425992366321849,-0.47551491390959466,-0.20434903513781605,0.1473142276489522,0.5128447629480455,2.1521993941377855e-15,2.9461391978531217e-15,0.34234326725939807,-0.21158734348161706,-0.5813291938919571,-0.3132541724469714,0.3370563749631807,1.4855807445374956
-0.2088539098915904,-0.9072324243762199,0.15901893346164672,-1.174428287339211,-0.4818116300199246,0.25459701032847065,-0.1985536789556737,0.09917813838020373,0.43994416116777385,0.6324970716784429,5.0191581670527506e-15,5.083785139408483e-15,1.3767949843446772,-0.14973208020744594,-0.04247712136905858,-0.5213301866001899,0.36698929782910855,1.2482494041965528
-0.10627574373066817,-1.0402713442850442,0.02986149484358268,-1.1162493060799736,-0.515261293638841,0.6736273746120479,-0.004220295640193989,0.31215185135398915,0.6452716866951562,0.7164526403375551,7.251702241253921e-15,6.179311037086974e-15,2.1026312267023335,-0.10633054572938315,0.3356153087046135,-0.6673293760677057,0.387992114970738,1.0817228419398295
-0.03396167193357462,-1.1340591976475414,-0.06119004798379795,-1.0752351294250486,-0.538842153650827,0.9690293395918872,0.13277804191637327,0.46229097888254317,0.79002051559909,0.7756384227218543,8.618894374182306e-15,7.0161839669279315e-15,2.614320761690138,-0.07573395975194447,0.6021574409883249,-0.7702537727946714,0.4027983771955702,0.9643273548703467
4.992501207076797,0.8718764498130777,-0.27628554825254975,0.7758453018807488,-3.782758214679912,2.8637743037096954,-0.8577576702848888,-1.1635172060600254,-1.4409535125278767,-0.007683424004209526,-1.270663109253695e-14,-7.886075531787549e-15,-0.006778766922226364,-0.8177736872840173,-0.5911488881708721,0.14740499763213266,-0.7903375802199801,0.4578534172571203
4.99119436427807,0.917666713406762,-0.2808094195830232,0.7920510232184803,-3.745376875520882,2.8823944911168153,-0.8249818708589441,-1.1187001623225126,-1.3962471688886642,-0.05722110044601998,-1.2337697850155045e-14,-7.616602962050605e-15,0.10742762329858085,-0.7937470424745383,-0.6407913925468095,0.18126659374262266,-0.841048220516747,0.44102852001089987
4.94003195980721,1.0599227850800925,-0.2953723115624622,0.8433604107225275,-3.641606451522682,2.7983252605419704,-0.8110973915139924,-1.077830697160355,-1.3646729516991525,-0.16999510536686974,-1.2516355720344396e-14,-8.376209189860298e-15,0.14803089178605275,-0.6750673292572897,-0.8191444375334489,0.27144022869645545,-0.8929611436590447,0.457801412616797
4.9459182974311915,1.0938009238575397,-0.3085918321479916,0.8626531904357904,-3.608735410604068,2.8449260947454134,-0.766759067084868,-1.020863231091476,-1.308340175833093,-0.21080643662308482,-1.2005635078220701e-14,-7.627064109883648e-15,0.30590436443635977,-0.6494369668219528,-0.8396479349004757,0.2931892775598123,-0.9392442449153547,0.43040882614923265
4.230566684476849,1.2375273683785812,-1.1551583704652246,1.7922565712132057,-2.682697447360986,2.754662768180879,-0.4638972729623517,-0.5119904826589919,-0.9788140851294402,-0.45076474483954065,-9.758322991479057e-15,-7.547580368011416e-15,1.1290560360259827,-0.08612854626749092,-0.8948984320852984,0.16944562095279958,-0.7384716750936233,-0.5181351973052284
2.8082354364444457,1.365984615636594,-1.0064115708427055,1.7159244668155462,-2.5552239864643407,2.0672394253983426,-0.19778543367768334,-0.19863187515482886,-0.9782326988072281,-0.11166876038372285,-8.343800974755881e-15,-5.665206328595793e-15,0.8447813825425431,-0.3214739591416418,-0.4848191708038398,-0.004885511615490608,0.7424120289754783,-0.10284025377458143
2.8051082131655596,1.5595026821672422,-1.0289814994098867,1.7869657590008847,-2.3954207785998687,2.1574065294028766,-0.05224620469934112,-0.0009035741726121059,-0.7811654795867974,-0.32247855595101643,-7.247329179620353e-15,-5.370876109971655e-15,1.3530897028166555,-0.21718730723665738,-0.6889456964999096,0.1370649439868704,0.5250356322586538,-0.17916967247837107
3.5230725808217573,1.4388130865036612,-1.7043708228753998,2.4505655392453987,-1.9865242861704975,2.335351483649109,-0.3056674299557834,-0.290695713044384,-0.9856282735389384,-0.5060766830480024,-9.677021829573151e-15,-8.01887936202184e-15,1.0869538443860787,0.2586943231559703,-1.0775195519424574,0.1351564453947755,-0.22400285513604173,-0.6351085332938361
3.579512664428609,0.9476831623490656,-1.7169631122803957,2.3219558616587737,-2.355185183679538,2.33883180619889,-0.5328521907927519,-0.6240003642551263,-1.3211675139633863,-0.0005089898902230257,-1.0972465441685675e-14,-7.597667336463935e-15,0.31624407070209815,0.049612540370448904,-0.44463605327419364,-0.24848117461876207,0.2656458641874244,-0.5471621676435261
-0.40255182136036355,-1.127602996709188,-2.1477729905563585,1.2854048867344978,1.5278629033068982,-0.22819868658906628,-0.2990385396387198,-0.04864028481084273,-0.11809614746147917,0.5929113074612024,2.2103210950022322e-16,1.3539063257688732e-15,0.532322655791644,0.9804859392292309,-0.7188559706676342,-0.8003592562636255,0.001243218671462048,0.81033212181346
-0.40255182136036355,-1.127602996709188,-2.1477729905563585,1.2854048867344978,1.5278629033068982,-0.22819868658906628,-0.2990385396387198,-0.04864028481084273,-0.11809614746147917,0.5929113074612024,2.2103210950022322e-16,1.3539063257688732e-15,0.532322655791644,0.9804859392292309,-0.7188559706676342,-0.8003592562636255,0.001243218671462048,0.81033212181346
-0.40255182136036355,-1.127602996709188,-2.1477729905563585,1.2854048867344978,1.5278629033068982,-0.22819868658906628,-0.2990385396387198,-0.04864028481084273,-0.11809614746147917,0.5929113074612024,2.2103210950022322e-16,1.3539063257688732e-15,0.532322655791644,0.9804859392292309,-0.7188559706676342,-0.8003592562636255,0.001243218671462048,0.81033212181346
-0.6430841762540533,-1.72506094461478,-1.6169207124986786,1.3435719160710768,2.0291171124406997,0.6560730918195594,0.17120891563671065,-0.23176905458136515,-0.5792197007964365,0.6347323325433594,-2.623693627972676e-15,-1.7560266599328451e-15,0.18798896906590376,1.418003413002417,-0.3442617449923125,0.9528199450005799,0.14463217162755332,0.6032490329617304
-0.6430841762540533,-1.72506094461478,-1.6169207124986786,1.3435719160710768,2.0291171124406997,0.6560730918195594,0.17120891563671065,-0.23176905458136515,-0.5792197007964365,0.6347323325433594,-2.623693627972676e-15,-1.7560266599328451e-15,0.18798896906590376,1.418003413002417,-0.3442617449923125,0.9528199450005799,0.14463217162755332,0.6032490329617304
-0.8511877936978058,0.8102066261480276,-2.2052897235080864,2.2821697939268946,1.5843912525604191,-0.19217547279676106,-0.17799892532885775,-0.5446231031075863,-0.6537057597816044,0.3393496632719838,-4.794992695534835e-15,-2.0450114562898402e-15,-0.601714972068495,0.24404908860732563,0.3235143410012505,-0.754922807508543,-0.8450139068865817,0.35673504011203994
-0.7715922751496297,0.7069750885455719,-2.305509426061858,2.3273137690557637,1.558435989168081,0.1329710996254765,-0.02720595451330244,-0.37936617021715613,-0.49438188533324345,0.4044949790104787,-3.184294129105781e-15,-1.041854047581095e-15,-0.038502406921989384,0.2777265052726665,0.6168951271584385,-0.8682108650767565,-0.8287167728674576,0.2275187695260046
-0.7651619394253636,0.2939409117139255,-2.256985590774072,2.1754269325298665,1.2171751006900775,-0.06064634848999765,-0.33855270774916724,-0.8022349572741921,-0.9158199960017621,0.8545839363487799,-5.4009565800475036e-15,-1.1725989844930436e-15,-1.1260223872266424,0.054862980650799247,1.0519931892993595,-1.1710642725490636,-0.36444835208816995,0.39096462443044044
-0.6855664208771872,0.19070937411146915,-2.3572052933278442,2.220570907658735,1.19121983729774,0.26450022393223926,-0.18775973693361217,-0.6369780243837612,-0.7564961215534007,0.9197292520872746,-3.765305408884299e-15,-3.2380418548710834e-16,-0.5628098220801366,0.0885403973161405,1.3453739754565468,-1.284352330117277,-0.3481512180690457,0.2617483538444052
-0.6189689637536715,0.10433569347374651,-2.441058975865468,2.258342807419778,1.1695031053456195,0.5365498984706576,-0.061591472795246974,-0.49870778375617153,-0.6231900624829403,0.9742362450791775,-2.443126112092027e-15,4.6342816792663e-16,-0.09157067014136235,0.11671824392497065,1.590845261822257,-1.379140286702282,-0.33451542922224176,0.15363328408949806
-0.8511877936978058,0.8102066261480276,-2.2052897235080864,2.2821697939268946,1.5843912525604191,-0.19217547279676106,-0.17799892532885775,-0.5446231031075863,-0.6537057597816044,0.3393496632719838,-4.794992695534835e-15,-2.0450114562898402e-15,-0.601714972068495,0.24404908860732563,0.3235143410012505,-0.754922807508543,-0.8450139068865817,0.35673504011203994
-0.9237240999742737,1.2455177113903098,-2.161700185305332,2.3721745134685364,1.8940249491625538,-0.303079769251358,-0.04262127132030441,-0.3274068660551921,-0.43269315050632184,-0.09509171893936091,-4.296443284807858e-15,-2.5634430731064798e-15,-0.15962318965515393,0.4035692885059209,-0.29073314660558974,-0.4040356815647474,-1.2502229055485652,0.3278729307748586
-0.8441285814260973,1.1422861737878547,-2.2619198878591047,2.4173184885974055,1.8680696857702164,0.022066803170879466,0.10817169949525102,-0.1621499331647621,-0.27336927605796085,-0.029946403200866063,-2.6924197648122875e-15,-1.7666628797086116e-15,0.40358937549135154,0.4372467051712618,0.002647639551598496,-0.517323739132961,-1.2339257715294414,0.19865666018882305
-0.7775311243025818,1.0559124931501318,-2.3457735703967284,2.4550903883584474,1.8463529538180958,0.2941164777092975,0.2343399636336164,-0.023879692537172335,-0.14006321698750065,0.024560589791036435,-1.31572745483753e-15,-8.221132709232939e-16,0.8748285274301256,0.4654245517800923,0.24811892591730852,-0.6121116957179658,-1.2202899826826377,0.0905415904339159
-0.9710950358220788,0.21143048688255092,-1.865209013967302,2.3755587668561287,1.9741871198842673,0.866405323288353,0.3628275009364103,-0.5312571503055359,-0.8768477782983427,0.43918224576812387,-5.5493527445941354e-15,-3.5215421870578766e-15,-0.3241002472818417,0.6406130030112552,0.9275917159280249,0.5859140519653444,-0.7097868601855833,0.055759556788250716
-0.9044975786985634,0.12505680624482832,-1.9490626965049265,2.4133306666171714,1.952470387932147,1.1384549978267713,0.4889957650747759,-0.3929869096779463,-0.7435417192278825,0.49368923876002624,-4.193077309338768e-15,-2.8209720096908105e-15,0.14713890465693244,0.6687908496200856,1.1730630022937354,0.4911260953803396,-0.6961510713387795,-0.052355512966656366
-1.091720148591496,0.21274867824243493,-1.6744374454504054,2.3403368232634736,2.0856454616942206,0.6920963056118652,0.2922485299465731,-0.7277518728781088,-1.1148293131165625,0.3811706883541407,-7.668401498991345e-15,-5.014654306279802e-15,-0.9460486587942349,0.6815665623805117,0.698108566676572,0.9982563937556629,-0.7016249539304903,0.14965195126031
-1.0121246300433193,0.1095171406399792,-1.7746571480041782,2.385480798392342,2.0596901983018836,1.0172428780341023,0.44304150076212834,-0.5624949399876784,-0.9555054386682009,0.44631600409263567,-6.049701423460213e-15,-4.124497937174591e-15,-0.38283609364772964,0.7152439790458527,0.9914893528337597,0.884968336187449,-0.6853278199113662,0.020435680674274568
1.1474588467728923,0.21415112546298615,-0.5693763900255695,0.9356078392950762,-1.6981323800029242,-1.3714536354007967,1.7896915024892797,-1.5898406277498962,0.9563271194169737,-0.48894016608339186,1.7736048215622087e-15,7.004383672752135e-15,-2.446439633580003,-0.28883250703430646,1.3031112761511578,-0.29004188757403665,0.282882313978021,0.2561507420898556
1.1956423273466612,0.2897758418215206,-0.6493685183064771,1.016017421753978,-1.5980927029614296,-1.0995811117167722,1.9913904427004039,-1.3409262053668185,1.2009980864279064,-0.6013169007960223,3.561578029333196e-15,7.851294503117838e-15,-1.7188129066629088,-0.19145708281217547,1.3403068488619605,-0.25838531504344275,0.13474905505588347,0.11858470330965662
1.1947898325095019,0.37817296474838086,-0.660507988443996,1.0490821601070903,-1.5246579480713527,-1.055634879387398,2.0595597243698354,-1.248604791261955,1.2929710649690247,-0.6979624020135797,4.155676898437784e-15,8.170877663663563e-15,-1.4804556137614329,-0.14315986611085763,1.248427522868848,-0.1938214199372841,0.03471704949696792,0.08246214152987841
1.2028693021345522,0.4100302916653874,-0.6766041340668543,1.0699353322600527,-1.4918118478646996,-0.9996276537386384,2.108711315464729,-1.1861961951339364,1.3545776076621228,-0.7378839987042608,4.506249379838977e-15,7.909777681357508e-15,-1.3047579292628255,-0.1161424984969542,1.2351704679574,-0.17459615188566655,-0.012059140597853119,0.051155334628886155
1.1846856401682162,0.6714603535926745,-0.6869857409071564,1.1510324577360938,-1.2865490569091693,-0.9446768040034308,2.264406798249598,-0.9675745934445762,1.5734320806759075,-1.0141993986308673,5.557810859790089e-15,8.024294560382826e-15,-0.7675260702858215,0.008744113357677243,0.9263616561206581,0.0238984620034529,-0.28786801439553394,-0.021520658107909246
1.2272024534626769,0.6901348315157055,-0.750846805887588,1.2035161740466802,-1.238549423254893,-0.7308888846019582,2.4039665732878657,-0.7997338466535027,1.7377552344426672,-1.0605381124028357,6.727635413733972e-15,8.289162894778987e-15,-0.2600156404005947,0.06788010617339132,1.0080349864796991,0.016955846649191524,-0.36360568284299616,-0.12225975513365533
0.5451519489638603,-1.6259044523530575,-1.6157330271494106,1.0179976173383778,-0.034136795993805244,-2.988889328303038,-0.20038452014538966,2.363446728499963,-2.4649539329939865,-1.749089246001126,-1.9623804177973012e-14,-2.2816701502579293e-14,0.31098487722368856,0.7196938191493426,0.41185405798880315,0.20004828536099203,0.26263183606115226,0.14733063702196347
0.5556973758247951,-1.6395813609200842,-1.629010904630236,1.0239786385895326,-0.037575549038607825,-2.945811408074565,-0.18040630687555548,2.3853412387795037,-2.4438454799574116,-1.7404582932165542,-1.9410742807375756e-14,-2.2634789106572297e-14,0.38560361231386886,0.7241556624891106,0.45072340238476377,0.18503901163435788,0.26479100579804515,0.1302110710518891
0.6283953926820074,-1.5566896547259221,-1.7453345935548994,1.1333042205379664,0.08720635655135422,-2.552573989303575,0.09896225810044824,2.7272569335975327,-2.1081849095923872,-1.8757056667924845,-1.6748667207897247e-14,-2.1293696207857453e-14,1.39605287427813,0.8536767818107911,0.5385689486835767,0.21015219625902862,0.07699290591983911,-0.06393554449513027
0.4227888429106221,-1.2900279046527818,-1.4864528419557355,1.0166909094054561,0.1542524949752915,-3.392473849812239,-0.29055744130823036,2.3003747621240587,-2.5197411469163478,-2.0439852866388257,-2.0838626588421526e-14,-2.348032377568939e-14,-0.058805318995336,0.7666832227251366,-0.21927536606243284,0.5027913683099557,0.034895089887572985,0.2698484681492501
0.6363763442850122,-1.567040562924483,-1.755383508498082,1.137830755288194,0.08460385197878705,-2.5199719143913546,0.11408209680623951,2.7438270572366066,-2.0922096869370326,-1.8691736204969802,-1.649941452196964e-14,-2.097219811497426e-14,1.4525255539795348,0.8570535778593981,0.5679859045408944,0.1987929323062087,0.07862700090717918,-0.07689191214846385
0.8767868750981761,-2.043190874197313,0.14562941388047057,-0.8558041927255113,-1.636045695347619,-2.9692579091467866,-0.6377983062678844,1.8920512758948071,-2.4949468921305793,-1.5916562353738724,-1.9359140310572846e-14,-2.0992271841701073e-14,-0.48683141895803395,-0.7697932883122314,0.751812874150536,0.29374944636500694,-0.24027234343691045,0.11508778600228463
0.8767868750981761,-2.043190874197313,0.14562941388047057,-0.8558041927255113,-1.636045695347619,-2.9692579091467866,-0.6377983062678844,1.8920512758948071,-2.4949468921305793,-1.5916562353738724,-1.9359140310572846e-14,-2.0992271841701073e-14,-0.48683141895803395,-0.7697932883122314,0.751812874150536,0.29374944636500694,-0.24027234343691045,0.11508778600228463
0.8767868750981761,-2.043190874197313,0.14562941388047057,-0.8558041927255113,-1.636045695347619,-2.9692579091467866,-0.6377983062678844,1.8920512758948071,-2.4949468921305793,-1.5916562353738724,-1.9359140310572846e-14,-2.0992271841701073e-14,-0.48683141895803395,-0.7697932883122314,0.751812874150536,0.29374944636500694,-0.24027234343691045,0.11508778600228463
0.9450269356799671,-2.00465036322186,0.04193283988588939,-0.7682743335758119,-1.5518252448935206,-2.621470248811421,-0.40695359751248233,2.1706730809926422,-2.2220113076226164,-1.6754478407026228,-1.7084838199665187e-14,-1.9663874317873327e-14,0.35171669129425165,-0.6701034106450933,0.8741900625004685,0.2888243559331431,-0.37163340715439236,-0.05028111873501309
0.9450269356799671,-2.00465036322186,0.04193283988588939,-0.7682743335758119,-1.5518252448935206,-2.621470248811421,-0.40695359751248233,2.1706730809926422,-2.2220113076226164,-1.6754478407026228,-1.7084838199665187e-14,-1.9663874317873327e-14,0.35171669129425165,-0.6701034106450933,0.8741900625004685,0.2888243559331431,-0.37163340715439236,-0.05028111873501309
1.0334467500482718,-2.16083901964035,-0.06358968272461228,-0.7340797479487468,-1.6154485324099888,-2.282831780125419,-0.27262979265987697,2.3095048975367836,-2.0895743915036507,-1.557451208569177,-1.5701659187541876e-14,-1.9110674613787744e-14,0.8611472420548233,-0.6558321852438361,1.24229620780063,0.13284965001256538,-0.3060411786271041,-0.1759862125895858
1.0334467500482718,-2.16083901964035,-0.06358968272461228,-0.7340797479487468,-1.6154485324099888,-2.282831780125419,-0.27262979265987697,2.3095048975367836,-2.0895743915036507,-1.557451208569177,-1.5701659187541876e-14,-1.9110674613787744e-14,0.8611472420548233,-0.6558321852438361,1.24229620780063,0.13284965001256538,-0.3060411786271041,-0.1759862125895858
-0.17017141467768093,-0.9454968145514548,-0.5775023339617001,-0.36826627481585417,0.2149019948461297,0.02882213632297888,-0.5015470743578024,-0.06318833322807432,0.39133424460103733,0.20400112188626718,3.489173842569336e-15,2.2774137628413833e-15,1.0077892219240845,0.24895227027568914,-0.5953073297124,-0.5321404022348578,-0.15652210726678797,-0.31457850217693695
-0.10375863165953463,-1.0688511057685466,-0.6559160634988281,-0.34490371819109933,0.16205224504260887,0.2798943612905831,-0.4054839404828749,0.03457896190165798,0.48432678779526017,0.2992680400400192,4.609069071037412e-15,2.975109707031153e-15,1.3735166484430694,0.25630478227046655,-0.3126802037162296,-0.6536774853074412,-0.1003460112952046,-0.40640140686011644
1.5665718380681364,1.5295970404985348,-1.0273491773833454,1.9436544184369093,-2.1382849011112106,0.5871267431467242,-0.5379205645665768,-0.6153029529570658,-1.6321961998214876,0.05097593830938775,-1.313961849717156e-14,-6.910857250641581e-15,-1.4057559043941232,-0.6770983091697886,-0.9950786002358185,0.0295128740887859,1.9918452813049192,0.12326627657045514
1.6788965882947682,1.383917272488874,-1.1687786606315285,2.0073613434381996,-2.174912823521769,1.0459717660894123,-0.3251223682392648,-0.3820932943140157,-1.407359240040648,0.14290864321830138,-1.1057636210154532e-14,-6.023298609194925e-15,-0.6109534851311474,-0.6295729272863472,-0.5810612770563341,-0.13035859860358515,2.014843705606911,-0.059083001171963884
-1.1787140084817689,1.3157673674713388,-0.2946976700363828,0.5179361462991781,0.591206640936002,-0.19333482774217448,0.10087751557689915,-0.1407427322723356,0.04785752573856284,-0.1905265241203514,-6.156607489515143e-16,2.843479164202222e-16,0.33239076884904556,-1.1711306602575446,-0.06990816015662811,-0.08320823546515115,-1.2730299564141243,0.3382293428478258
-1.6125029168955174,1.8706674101131278,0.22803355723486285,0.023277985533497844,0.2933153460075918,-0.6025937466732721,0.10432143064328954,-0.06976715706025716,0.08885998262341537,-0.2606612237951997,-2.9142942785977983e-16,5.740598405107618e-16,0.17889302547951716,-0.827296355241842,-0.15177703261465902,0.10555677623995104,-0.4121716688405909,0.8261906511189111
-1.808916694435962,2.251687766551585,0.6871400201970889,-0.42751237930975217,-0.01722829849155642,-0.9428544603433523,-0.05048051127170039,-0.14051263443963755,0.09134209404514569,-0.3963088138019521,-3.5801012911701083e-16,3.6099915807588897e-16,-0.13533733941781376,-0.5529322396936082,-0.29879383363935635,0.2640108653548232,0.010810529473418975,0.8999318151496062
-2.9997571890072363,1.8742928683913624,0.5194992140899104,0.051331755566443496,0.7537725711716569,-1.2176480662249172,0.49399734268882195,0.17075866640479392,0.2328541910119947,-0.4180755273940939,3.5853674254105e-16,1.523483422834803e-15,-0.17171203689796768,-3.010654364189851,-0.5311424580229812,0.2572430802245145,1.1685090781995366,-0.7951599393666147
-2.994289596701328,2.1503570709875603,0.47299893244570157,0.16325632801214388,0.9892949818071028,-1.0414643117796742,0.7307214863760542,0.48732337585705143,0.5476749660826185,-0.7248351765298698,2.1454120476325637e-15,1.9434570866984443e-15,0.6597249682936113,-2.850504834929792,-0.7988342451801883,0.45495705809178144,0.8457117346963637,-0.9256994158705162
-2.972090040382881,2.2368798857764016,0.42891365936510983,0.22016539225306225,1.078698140526755,-0.8881248040266153,0.8649654500204624,0.6577117157449566,0.7158643103700797,-0.8334156291024446,3.250042184736764e-15,2.0695171390986068e-15,1.1396531219736385,-2.7768335389869927,-0.8342332926190381,0.5070483941521283,0.7183424928518997,-1.0112856139538366
-2.196359088059373,1.647872213745818,0.37040166457456564,-0.009955337726815169,0.3399646785820181,-0.6938919233080265,0.3744758752050175,-0.048917797075209955,0.03895038915036744,-0.04943559023503428,-8.351894438849676e-17,1.974685197129716e-15,-0.11554064545642741,-2.410272612683512,0.021143968370275285,0.014718270955594158,1.1001882490751838,-0.0430802666605974
-2.182995558345294,1.907591089096814,0.3148136093996375,0.10410137532071462,0.5677961314067566,-0.4887702713823341,0.6212784731371176,0.2774603038896296,0.3630248033400391,-0.3430227221022303,1.7582553296859665e-15,2.2470865102416512e-15,0.7546762490695659,-2.2501851200935357,-0.21123843802527156,0.1967636023239917,0.7859910666998916,-0.18381510191414127
-2.174411788693781,2.1429110035123946,0.2695247535684419,0.20368757641865956,0.771542743337855,-0.31979893030723205,0.8345645230697598,0.5609329946696668,0.6446945017766439,-0.606889521113845,3.3687750159838326e-15,2.4988769675304077e-15,1.5054066027654796,-2.109175922130561,-0.4301337263342408,0.36340583370355417,0.5058180333875288,-0.30364335015822796
-1.5578627587018818,1.6695943510879236,0.2681836636791454,-0.011983985189643928,0.1577179194610632,-0.30139409189672417,0.34561404631266823,-0.12158451555165142,-0.0011345196666288338,0.024143391108150926,-1.5127332175772583e-16,1.953783619609445e-15,0.16773625245474463,-1.8753634153465522,0.16003612128347428,-0.007017209635239831,0.8329910123672777,0.49281055617450265
-1.5510518803621227,1.8036239811388888,0.23962019227228035,0.04678466362242497,0.2752268142487464,-0.19594903684129347,0.47272763882518876,0.04654814485988483,0.16581620128098717,-0.12731229206521225,8.258848430427789e-16,2.0728165083278948e-15,0.6159023834923217,-1.7928471545323488,0.03991133453413415,0.0869696739948238,0.6709567881416836,0.4203697786471679
-1.5620568682332094,1.9520846352950005,0.2347026493881327,0.09211460906082705,0.3912747342091156,-0.16799514904559337,0.5591538597235518,0.16834025658995605,0.28779531400182373,-0.28381387080062825,1.3798846136288022e-15,2.0761863780793803e-15,0.9137164661010666,-1.722704681853979,-0.13706191356499325,0.20001785585231563,0.5151989140336379,0.38057899227301517
-1.5379991755768954,2.1379566981341225,0.1740407589752555,0.18918607654798014,0.5653537358649526,0.048224303821855816,0.7782684191147736,0.4522725438596311,0.5689098377354056,-0.5027236723403625,3.069966737041619e-15,2.464325676634526e-15,1.6916872519980073,-1.5915247236920698,-0.2690564659694579,0.3233147677143163,0.27180229964613867,0.2482534366790111
-0.5344250291667463,0.8554516680434697,0.7066151250662368,-1.0139236762207957,-1.3626280643622422,0.35159617750677047,-0.5926383339291388,-0.6666051623468535,0.016033972026331805,0.38160756814047886,1.5843097202254933e-15,2.230097378064476e-15,-0.03898243271131872,-0.5598014069136976,1.62730371746279,-0.7443602115050696,-0.2757373500988495,-0.47967951647124246
0.3974866771664846,1.190639479597588,1.1140737771160232,-1.4427752741488995,-1.8290539232191874,0.7624741569617474,-0.7287816456541704,-0.9291315456714117,0.052685379709757896,0.04952957233396455,7.306989258043988e-16,1.100054490915655e-15,0.08434544240311581,-0.6939488580508016,1.2551389536002624,-0.4314966568112876,-0.05685795898122439,-1.01778343019368
-0.6078666775553979,1.9333704915180872,1.8972811161140735,-2.244587935706471,-2.2937395662963755,0.21404895250386022,-0.7109480120729987,-0.5486285119701759,0.4603905826941133,-0.16974779232177836,4.137481963761381e-15,2.5867886297608973e-15,0.4557179398265166,0.12573332561617864,1.4506638796324767,-0.3112112417358956,0.9319092181671135,-1.0675458490720533
1.98897867314402,0.8032014700416408,-1.4645907894375954,2.2034330614044944,-1.7650388517797357,2.00321332506317,-2.345549155565878,3.9641981286835315,2.233159875945653,0.027576061747027116,2.281245084959861e-14,7.290311012428881e-15,-1.715135054605719,-0.3997819250292202,-1.103641817451262,1.023745179249785,1.4499453936745363,-0.10607023063772138
-0.11893523841840582,0.485448399139795,-0.9085488798168767,0.6881586843086013,0.29439368415603073,0.8241756647448285,-2.599135009384988,3.3699825571427366,2.9488648733998,0.3605899266798555,2.9506936925591125e-14,1.2893312754133207e-14,-2.267023959357405,0.18454811085830494,0.28912508812528315,0.5014802910976898,-0.3303311333115843,0.418069815366554
-0.03933971987022955,0.38221686153734025,-1.0087685823706491,0.7333026594374705,0.2684384207636925,1.1493222371670653,-2.448342038569431,3.535239490033165,3.10818874784816,0.42573524241835004,3.108771405812435e-14,1.3685498029302823e-14,-1.7038113942108988,0.21822552752364582,0.5825058742824711,0.38819223352947557,-0.31403399929246034,0.2888535447805182
2.019543146101478,0.8640250776343621,-0.7122309524995202,1.5014609190878128,-2.2179322490342672,1.7804894553930193,-2.4756223056249014,3.8148844789968988,2.1926856818417058,-0.04546475152901501,2.230080794219016e-14,7.787613732062854e-15,-2.1335592057742625,-0.9474209309049287,-1.3661880197483944,1.2740183868137724,1.0073678205775212,0.37098958630993917
-0.008775246912770634,0.4430404691300625,-0.2564087454325737,0.03133051712078982,-0.18445497649083922,0.9265983674969149,-2.578415188628455,3.3859258403465335,3.0677145537442136,0.3526944291423075,3.0337407832766846e-14,1.3532150995814149e-14,-2.1222355453794437,-0.3294134783520631,0.3199596719853393,0.6384654410934633,-0.7566115723894757,0.7659133617281787
0.07082027163540597,0.3398089315276075,-0.356628447986346,0.0764744922496589,-0.21041023988317714,1.2517449399191518,-2.4276222178128997,3.551182773236963,3.2270384281925746,0.4178397448808021,3.197043698043203e-14,1.4498315308456837e-14,-1.559022980232938,-0.2957360616867222,0.6133404581425274,0.5251773835252496,-0.7403144383703517,0.6366970911421432
-0.5985612568602313,-1.4802947036829148,-0.13003328505816197,-0.8436066658074132,-0.3126528871812627,-1.2083590742291728,-1.4694238039816299,-1.12956384376747,-0.5798800538001752,0.6847964154916907,-3.3435838618920997e-15,-1.8393150640456878e-16,-2.189228288520469,-0.35596955929680213,-0.582847194613284,-0.7890074046125936,0.29713815703047064,-0.30424099227549495
-0.48444746771622343,-1.6282947686344134,-0.2737153693500596,-0.7788850564386642,-0.34986419641015765,-0.742205852501866,-1.2532362900372407,-0.8926397664021111,-0.35146203044874336,0.7781933674746457,-9.828649024336545e-16,1.3356093843623447e-15,-1.3817667495459667,-0.30768722262306625,-0.16223566043273757,-0.9514252109121863,0.32050288596284554,-0.48949461615514944
-0.3096060315232169,-1.855055654473748,-0.4938603856644103,-0.6797207116242578,-0.4068781541185605,-0.027981047733132574,-0.9220008126372896,-0.5296324009820874,-0.0014873643307605365,0.9212931395814291,2.5684046368828718e-15,3.348691478253089e-15,-0.14460044209160866,-0.23371059674714384,0.4822116519132326,-1.2002764911102515,0.35630156369881494,-0.7733341933179294
-0.24300857439970128,-1.94142933511147,-0.5777140682020344,-0.6419488118632155,-0.428594886070681,0.24406862680528565,-0.7958325484989237,-0.3913621603544977,0.13181869473969965,0.9758001325733314,3.9090140540200194e-15,4.12504110979423e-15,0.3266387098471655,-0.20553275013831365,0.7276829382789429,-1.295064447695256,0.3699373525456189,-0.8814492630728363
-0.6486315585726511,-1.1798085265433276,-0.09994433455386811,-0.7814782821836972,-0.0989191942894536,-1.2849140005790258,-1.3759754285502646,-0.9796239986835976,-0.4273196520272405,0.38491057624349406,-2.9879955195500113e-15,-6.509640205561986e-16,-1.8840615373262646,-0.24585608718663712,-1.0068494440984934,-0.546797328515715,0.0174308234055265,-0.3241639053207427
-0.5345177694286434,-1.327808591494826,-0.24362641884576566,-0.716756672814948,-0.13613050351834846,-0.8187607788517185,-1.1597879146058745,-0.742699921318238,-0.19890162867580863,0.4783075282264488,-6.537807729753746e-16,7.378701059918072e-16,-1.0765999983517611,-0.19757375051290155,-0.5862379099179466,-0.7092151348153085,0.04079555233790129,-0.5094175292003973
-0.3596763332356368,-1.5545694773341603,-0.46377143516011643,-0.6175923280005418,-0.19314446122675116,-0.10453597408298512,-0.8285524372059238,-0.37969255589821466,0.15107303744217443,0.6214073003332321,2.923461752904504e-15,2.8981686372361175e-15,0.16056630910259634,-0.12359712463697892,0.05820940242802351,-0.958066415013373,0.07659423007387077,-0.7932571063631775
-0.2930788761121211,-1.6409431579718832,-0.5476251176977401,-0.5798204282394994,-0.2148611931788712,0.1675137004554331,-0.7023841730675587,-0.24142231527062516,0.2843790965126345,0.6759142933251346,4.2826149135641086e-15,3.701499307270862e-15,0.6318054610413705,-0.09541927802814872,0.3036806887937338,-1.0528543715983776,0.09023001892067466,-0.9013721761180843
-0.6936672614737044,-0.9095364143987563,-0.07288084603528881,-0.7255969447260027,0.09332344783213055,-1.3537712832554103,-1.2919233432106403,-0.8447606947831889,-0.29009928998163,0.11517843765594621,-2.6808727170998413e-15,-8.95116529332329e-16,-1.609579485650254,-0.14681459061569246,-1.3882180135724327,-0.3289416205674895,-0.23415177037888665,-0.34208355753259956
-0.5795534723296966,-1.0575364793502544,-0.2165629303271864,-0.6608753353572532,0.056112138603235585,-0.8876180615281031,-1.0757358292662507,-0.6078366174178298,-0.06168126663019809,0.20857538963890096,-3.479881957758679e-16,4.619465314082116e-16,-0.802117946675752,-0.09853225394195714,-0.9676064793918859,-0.4913594268670826,-0.21078704144651195,-0.5273371814122542
-0.40471203613668993,-1.2842973651895888,-0.4367079466415368,-0.561710990542847,-0.0009018191051670747,-0.17339325675936973,-0.7445003518663001,-0.24482925199780642,0.28829339948778443,0.3516751617456843,3.2064084756894272e-15,2.4101890558184503e-15,0.435048360778606,-0.024555628066034462,-0.32315916704591596,-0.7402107070651475,-0.17498836371054252,-0.811176758575034
-0.33811457901317427,-1.3706710458273121,-0.5205616291791607,-0.5239390907818047,-0.022618551057287353,0.09865641777904825,-0.6183320877279348,-0.1065590113702168,0.42159945855824477,0.4061821547375868,4.556174928071232e-15,3.234649645346157e-15,0.9062875127173801,0.0036222185427958035,-0.07768788068020552,-0.8349986636501521,-0.16135257486373858,-0.9192918283299413
-0.48444746771622343,-1.6282947686344134,-0.2737153693500596,-0.7788850564386642,-0.34986419641015765,-0.742205852501866,-1.2532362900372407,-0.8926397664021111,-0.35146203044874336,0.7781933674746457,-9.828649024336545e-16,1.3356093843623447e-15,-1.3817667495459667,-0.30768722262306625,-0.16223566043273757,-0.9514252109121863,0.32050288596284554,-0.48949461615514944
-0.5151613325506973,-1.4439720960389775,-0.2552583613594162,-0.7407745855259268,-0.2187567828428128,-0.7891657784441382,-1.1959136721611794,-0.800664444151043,-0.25787921990249385,0.5942389510354658,-8.073518040079447e-16,9.650362208851277e-16,-1.1945729434852894,-0.24014198755995717,-0.42232492162788776,-0.8028499620248436,0.14892626380646937,-0.5017156261641412
-0.5708969729936714,-1.1094866035542865,-0.22176491575875226,-0.6716165191167591,0.019160382625595496,-0.8743827174927671,-1.0918918293742665,-0.6337592526930694,-0.08805696183244122,0.260421723284848,-3.9331161799863975e-16,4.83341411479141e-16,-0.8548772808268041,-0.11756943098322566,-0.8943020441156062,-0.5332343765119564,-0.16242930712103473,-0.5238927707007224
-0.38920155007139334,-1.751824116871292,-0.39364068311063777,-0.7248646867531268,-0.38092289072622254,-0.35312762015536975,-1.0727937834528452,-0.6948893338725177,-0.1608112387791218,0.8561478238429343,8.921163700857131e-16,2.2415497190183304e-15,-0.7078130072381141,-0.26738801341248464,0.18883086575604463,-1.0869884335420377,0.3400044296796909,-0.6441179227318939
-0.41991541490586715,-1.5675014442758568,-0.3751836751199944,-0.6867542158403898,-0.24981547715887722,-0.400087546097642,-1.0154711655767839,-0.6029140116214499,-0.06722842823287195,0.6721934074037547,1.1547121157635714e-15,2.1302528553303696e-15,-0.5206192011774368,-0.19984277834937533,-0.07125839543910613,-0.9384131846546947,0.16842780752331485,-0.6563389327408856
-0.44864519828580185,-1.3950858110034963,-0.3579189692853277,-0.6511056388953843,-0.12717745646063225,-0.4440139131351417,-0.9618515249608782,-0.516880192731717,0.020309036998838213,0.5001222413501757,1.3517991606335827e-15,1.814661178840104e-15,-0.34551790646338526,-0.13666089022920064,-0.31454618008797386,-0.7994357313397946,0.007934844030138192,-0.6677704791169137
-0.3096060315232169,-1.855055654473748,-0.4938603856644103,-0.6797207116242578,-0.4068781541185605,-0.027981047733132574,-0.9220008126372896,-0.5296324009820874,-0.0014873643307605365,0.9212931395814291,2.5684046368828718e-15,3.348691478253089e-15,-0.14460044209160866,-0.23371059674714384,0.4822116519132326,-1.2002764911102515,0.35630156369881494,-0.7733341933179294
-0.34031989635769067,-1.670732981878312,-0.47540337767376684,-0.6416102407115206,-0.2757707405512155,-0.0749409736754049,-0.8646781947612285,-0.43765707873101944,0.09209544621548893,0.7373387231422491,2.792382047541933e-15,3.111549700166767e-15,0.04259336396906873,-0.16616536168403437,0.22212239071808185,-1.0517012422229082,0.18472494154243882,-0.785555203326921
-0.3690496797376252,-1.4983173486059527,-0.4581386718391002,-0.6059616637665152,-0.15313271985297003,-0.11886734071290468,-0.8110585541453229,-0.3516232598412866,0.17963291144719956,0.5652675570886707,2.9559248655717435e-15,2.7829197357855488e-15,0.21769465868311985,-0.10298347356385969,-0.021165393930785897,-0.9127237889080081,0.024231978049262283,-0.7969867497029487
-0.39605553680066474,-1.336247489393621,-0.44190993207310275,-0.5724521743023532,-0.037853575082807074,-0.16015791272403374,-0.7606563519743157,-0.2707518872730458,0.2619177042855413,0.40352149539163146,3.1625180812017187e-15,2.502487588366046e-15,0.3822890266275532,-0.043592805107302936,-0.24985473176963624,-0.7820856567100211,-0.12663062938506517,-0.8077323478635023
-0.24300857439970128,-1.94142933511147,-0.5777140682020344,-0.6419488118632155,-0.428594886070681,0.24406862680528565,-0.7958325484989237,-0.3913621603544977,0.13181869473969965,0.9758001325733314,3.9090140540200194e-15,4.12504110979423e-15,0.3266387098471655,-0.20553275013831365,0.7276829382789429,-1.295064447695256,0.3699373525456189,-0.8814492630728363
-0.5332156536852733,-2.0823665695908287,0.7170104772910164,-1.2783380512416957,-0.31221187057145283,0.7127753840845883,-0.3434243476833729,-0.5992057859274295,-0.3133397548328452,0.861021940134743,3.142248712510359e-16,1.0973107233219729e-15,-0.2850635130704521,-0.2537481487302518,0.5564850320924069,0.73978474764602,0.37657623481431785,-0.07987799768724682
-0.5332156536852733,-2.0823665695908287,0.7170104772910164,-1.2783380512416957,-0.31221187057145283,0.7127753840845883,-0.3434243476833729,-0.5992057859274295,-0.3133397548328452,0.861021940134743,3.142248712510359e-16,1.0973107233219729e-15,-0.2850635130704521,-0.2537481487302518,0.5564850320924069,0.73978474764602,0.37657623481431785,-0.07987799768724682
-1.1221746269474453,-1.4008691479044306,-0.6186358789327934,0.05275136864990763,0.8617821403061523,0.12484814739831601,-0.21421291844844462,-0.12428090068710826,-0.04817440204383964,0.4749640515095795,1.4894448514468785e-15,7.517174129909366e-16,0.31693904950300533,0.8398389417192219,-0.05381969917924376,0.31624265624090137,0.7263814543436056,-0.5336587225175715
-0.11270108304194631,-1.5094431361448104,0.16466577439603994,-0.8783011966129652,-0.059311435232828516,0.6184026173184116,-0.45442183768440486,-0.35648693829322997,0.0012811054439830142,0.46282174300293155,1.671463007633414e-15,9.753137789920148e-16,0.5083298412103104,0.8892722171113172,0.049021816225901585,0.4668869423386426,-0.5424950858104869,0.23688118826460303
-0.4189929644964687,-1.4372097139213484,-0.6168670237334372,0.06125201870080601,0.7886875472224582,0.13592060738117503,-0.49374607524981035,-0.5374877825867647,-0.35981545306218876,0.4078203615085759,-1.6394041839432577e-15,-1.1878471330488802e-15,-0.34239065639305105,0.8257329308665627,-0.485393608260233,0.4808653102017367,0.10293882206432604,-0.17485713805653832
-1.0280111154105736,-0.5112637479640508,-0.18199805415026643,-0.4375079510797215,0.5804088823779846,-1.4137995241079329,-0.7111755346133979,-0.4460399421180904,-0.2362582930061388,0.15350338081695378,-2.345581925974538e-15,-2.0492522502089797e-17,-1.0574612235219372,-0.38799228673863717,-1.7289448798545053,-0.0433206979245289,0.16141694394110387,1.0776178474404312
-0.8148500747720756,-0.7877233072887737,-0.45039175870176823,-0.3166099797799461,0.5108993037525463,-0.543039674787839,-0.3073439224032295,-0.0034730686284824884,0.19041953377897458,0.3279660082214865,1.8521634779970596e-15,2.457738398866426e-15,0.4508520418114844,-0.29780237010337646,-0.9432554990791904,-0.3467121536700959,0.20506153738437558,0.7315697883543691
-0.7208997019044935,-0.9095723966137486,-0.5686858359984203,-0.2633244007241982,0.48026307299402043,-0.15925372461281703,-0.12935581336971613,0.19158754215969348,0.37847707375305506,0.404860120048944,3.824801641380921e-15,3.637235383680128e-15,1.1156385959338053,-0.25805131488522826,-0.5969642159214696,-0.48043143138967837,0.2242978190959258,0.5790496839119496
-0.6534293924201994,-1.3144809886131352,-0.609231044098869,-0.3470431147620509,0.19225445484234652,-0.05609507773590641,-0.2552785778733458,-0.010458129742591367,0.17290017146498837,0.8089597498103969,3.382385663736702e-15,4.1669962190899834e-15,0.7044228763711983,-0.4064304895172069,-0.02561629077589652,-0.8068123045933484,0.6012066796235336,0.6058960391968058
-0.7438588539438659,-0.7717879697033307,-0.5548888991774489,-0.23483615606032562,0.5782681615038494,-0.19435709194469852,-0.08650615227352876,0.2603407068562555,0.4484318641118216,0.26735097106679917,4.0282972221313745e-15,3.4341561638978474e-15,1.2555692454088239,-0.20756006835188945,-0.7913854951635734,-0.3693688299594824,0.09604128818651518,0.5699142648305907
-0.8259357100214297,-0.27922132099336777,-0.5055661194935929,-0.13299330257996492,0.9286273355140982,-0.3198484003081713,0.06667744356367862,0.5061269446928983,0.6985138031297081,-0.2242315843778075,4.640446815004536e-15,2.660671181488929e-15,1.7558084423140767,-0.027058507676350586,-1.4864236798232184,0.02766975132408539,-0.3624640089780757,0.5372559821613051
-1.7084595645126415,0.6307428912063959,-0.8502271581999205,1.5796240176353773,1.6645537048113892,0.39593942750239497,0.45579255541462227,-0.4930242196653349,-0.7179653423170756,0.10532435585471968,-5.15608909369324e-15,-3.2921319868522274e-15,-0.6640445570024781,-0.538074970086186,0.504858009242267,1.0687509760705876,0.4420079991995704,-0.8421294820594941
-1.7358109130491663,0.5628049184696079,-0.7898630309498417,1.5862382907689112,1.721552184643669,0.49649149511490676,0.5092652038378952,-0.5138481076253241,-0.7704004961292915,0.11007989667866586,-5.449930788183282e-15,-3.567105691027229e-15,-0.7031993338418134,-0.4883241042566001,0.5474537641075269,1.2681080039513366,0.45831300411386916,-0.8656772569179207
-1.7435384093772015,0.5436106021763321,-0.7728085310209942,1.588107001969156,1.7376557980731628,0.5249001760329403,0.5243726744545404,-0.5197314196503728,-0.7852148464346443,0.11142346568791558,-5.568515362275258e-15,-3.723863432068261e-15,-0.7142616181692926,-0.4742681379666269,0.5594882178702598,1.324431760670656,0.46291960935805215,-0.8723301407239566
-1.7795924386220572,0.5903709342100704,-0.7274124565598749,1.5676583356470686,1.7494126386902493,0.37761997427283206,0.4560686508252199,-0.5945871200720042,-0.8573830756709183,0.08191488076200162,-6.296642890242076e-15,-4.1278451178247976e-15,-0.9693775174717334,-0.48952284812481817,0.426596823518859,1.375747349979683,0.45553756879533924,-0.8137996193630055
-1.7099821478665407,0.5000897540793514,-0.8150596352132425,1.6071390161162622,1.7267134533047923,0.6619770317718938,0.5879447003041309,-0.4500616071072892,-0.7180463212036046,0.13888774120227587,-4.857964831452073e-15,-3.3419972710494283e-15,-0.47681975627970535,-0.4600702506830398,0.6831731006634432,1.276671236521387,0.46979023349613136,-0.9268057575213131
-0.5196465433790585,-0.9501782110415938,-0.10153076864127976,-0.740182473164577,0.10672516471939475,-0.22073703519439028,-0.35357637157848415,0.009450288551199077,0.3741496052794925,0.28382154005661975,3.4327568875313536e-15,3.1034563304348564e-15,0.8217643358254577,-0.49793599075778927,-0.7438956061817024,-0.36212961263771654,-0.29809072672782716,0.4466374326479402
-0.33182269682419696,-1.0663184590918515,-0.10959014312844194,-0.7562340949707032,0.05043901332998267,-0.14522889751542778,-0.47678182885895565,-0.0880031716283303,0.37377636570975664,0.22014520309452648,3.1616793803269354e-15,2.70009616610695e-15,0.7517316303608236,-0.5320179286096113,-0.7669833226602897,-0.38567242865921314,-0.6015101356131843,0.06769907624971139
-0.4709168513354345,-1.0044797192531696,-0.5966037592812974,-0.27657073546075733,0.39851653478691335,-0.22421773989930294,-0.4534722262756745,-0.04810905465441948,0.3001468526870566,0.26950603514051863,2.7780143433078353e-15,2.1902635113931686e-15,0.7250369785330398,-0.02737007165833486,-0.7184545304964406,-0.5052548082782948,-0.24030749393952952,0.016210238348556404
-0.2942415986537481,0.8952172663045372,0.12389410927983771,-0.13548503885674754,-0.38086179245706775,-0.027391476946110258,-0.5459661978722151,-0.9054288328368493,-0.41223707532667037,0.15041076519565016,-3.5374412659333624e-15,-7.847613406354844e-16,-0.867464263413571,-1.1924025671461953,0.38790240688974637,-0.327188267797391,-1.1694055617459442,0.20368944100836392
-0.22445505145887124,0.9603187247486799,0.014253603333508509,-0.036099196215421556,-0.2732046398556849,0.3422348766820185,-0.28935434084612893,-0.5928042261913166,-0.10554878770501393,0.03648539818953426,-1.1418737770237783e-15,2.292036117750488e-16,0.06200462552817482,-1.0761347630030025,0.4869400232950138,-0.3135826187901341,-1.33312894205846,0.023535718868767284
-0.16842741825359792,0.9614703227520472,-0.06661910221937134,0.024047415307728477,-0.22961074280351795,0.611214305162683,-0.12419844293981055,-0.3969121933476951,0.08581855415710751,0.0012046766893679282,3.936525587595367e-16,1.0586690191862005e-15,0.6651167133710073,-1.011282248454329,0.6184128277873014,-0.3397551427092028,-1.4061002783453813,-0.09913699694957478
-0.16266657575182764,1.060265194186453,-0.08874026892220845,0.06815554992829471,-0.14243012454297627,0.6924857012509629,-0.028330933723124133,-0.27040705923518976,0.21139273982153345,-0.11088469181449159,1.1472485279180731e-15,1.1023345414971192e-15,1.0033935419183968,-0.9496099012217952,0.5316204017009463,-0.27083320839631225,-1.526484655691621,-0.154148678881958
-0.6776003584914106,0.5090669264832917,0.776693558702103,-0.2754626750038793,-0.03485140758894823,1.2307306672904044,0.26233126518899813,-0.6045733256721773,-0.36634981705141373,0.10275385606626586,-2.190932695170267e-15,-1.5562399636395122e-15,0.0797831421197652,-0.668718989950796,1.10188496549583,1.311845939009791,-0.7069893743588391,-0.2866929699492026
-0.6610670597157109,0.4098458797807836,0.7667581360758928,-0.29597757293283267,-0.10542663646034613,1.25600923416151,0.23147445270194053,-0.65408371750868,-0.4167255211632006,0.20177667017609385,-2.2921977343055733e-15,-1.4864472448082348e-15,-0.020983438095428363,-0.7050786457020908,1.2418912293400315,1.2318677599767416,-0.6146295371216594,-0.28011439018047585
-0.6616247729349285,0.3363745426435979,0.7816332722966625,-0.30432969877638527,-0.1228248550491126,1.3022809413140513,0.2333182183152853,-0.6864169379045069,-0.45996662992723675,0.25423291223056466,-2.413348462388079e-15,-1.4076013001354449e-15,-0.08572176726859376,-0.7072943781813785,1.3279315466422497,1.2567582430482438,-0.5617741732430328,-0.2845282911810731
-0.63140642631505,0.18674483364056405,0.7574703017698351,-0.3380908808582157,-0.24365011178564666,1.3290250024688413,0.17658888821175078,-0.7628679980917936,-0.5334831927719429,0.4121804538806003,-2.5783589033131584e-15,-1.168483399352367e-15,-0.24176072590047082,-0.7723285372359232,1.5463475070211656,1.1014164210052382,-0.4160767262642372,-0.2707735249940783
-0.06233720034503684,-0.3103627687272593,-1.6839549985505144,1.2529621636072892,0.46503084315375603,1.830414518641737,-2.2184784841809693,3.8069595670793364,3.3445363032299347,0.7462186872350086,3.4379582349893487e-14,1.568303923431283e-14,-0.79450397808251,0.08684665449210735,1.5102458891933563,-0.18460210791579512,-0.24869776500706167,-0.762048320741213
-0.7207180908713519,1.0520351158835195,-1.04219734857635,1.02506380293789,0.5374601165599087,-0.10137617194157149,-0.4577055219028864,-0.6272446047400987,-0.29403739886168595,0.002282626859628215,-2.4073268198999817e-15,-1.3063333518840993e-15,-0.4127191419031725,0.0009738978794482353,0.44892252363878876,-0.5918927134735896,-0.6403941050456569,-0.8164507541001396
-0.03822312441916397,-0.225992077901958,-1.7304971649777123,1.3110842596100891,0.5540870288589862,1.9917546104852994,-2.0803429338411155,3.981679543071582,3.5169130133387645,0.6388414512613246,3.55530680226205e-14,1.6204121524249287e-14,-0.3001023497308576,0.16151245542949627,1.4815671658245761,-0.13499554465217015,-0.376053562163502,-0.8508847560784643
-1.3346985547456436,1.0297199603989575,0.3551010649794346,-0.5581076537861478,-0.9059772534874001,0.14012452922647553,0.02014988831467659,-0.3458793752655601,-0.1758150348551081,0.9193914847227259,1.4071514152482586e-15,4.12617495337179e-15,0.008859528788267537,-0.9034321574193047,1.9300185160818846,-0.8464167282384961,1.5430647631850534,0.9352119714981784
-0.42081841993010716,-1.663488052291573,0.9538413969970154,-1.2929551426004426,-0.08088330529570978,0.3053035996654053,-0.5328075200353206,-0.871900586410569,-0.5973375666949424,0.4960916370744034,-3.2126635752766146e-15,-1.801630105877793e-15,-1.0697791970795838,0.2302370511051136,-0.3071924466361135,1.4385795597409858,-0.10424874613338006,0.4829724483718161
-0.3255725022852772,-1.787017400528452,0.8339160832364364,-1.2389347729149058,-0.11194199961177456,0.694381832011902,-0.3523650134509253,-0.674150153880976,-0.4066867750253209,0.574046093442692,-1.2929716851783546e-15,-6.415648009847515e-16,-0.3958254547717313,0.2705362603156954,0.04387407955266857,1.3030163371111343,-0.08474720241653473,0.3283491417950718
-0.24597698373710072,-1.8902489381309073,0.7336963806826644,-1.1937907977860367,-0.1378972630041126,1.0195284044341386,-0.20157204263537015,-0.5088932209905459,-0.24736290057695967,0.639191409181187,3.6525727186735164e-16,3.4116717322458945e-16,0.1673871103747742,0.3042136769810362,0.3372548657098567,1.1897282795429212,-0.06845006839741073,0.19913287120903617
-0.17937952661358528,-1.9766226187686293,0.6498426981450408,-1.1560188980249946,-0.15961399495623282,1.2915780789725568,-0.07540377849700423,-0.37062298036295616,-0.11405684150649945,0.6936984021730893,1.7289406777740248e-15,1.1276648644447839e-15,0.6386262623135482,0.3323915235898666,0.5827261520755671,1.094940322957916,-0.05481427955060681,0.0910178014541291
-0.21466139362179773,-2.051143508345649,0.7097598562192636,-1.229464459970143,-0.2646112795123116,1.0508210474927053,-0.26030029206564037,-0.5907016511396883,-0.32696057805998796,0.807109949907208,1.5194585573247245e-16,6.526153330195868e-16,0.00050958344019471,0.23655677376882478,0.5704919808286291,1.0304306877498612,0.08678680730713842,0.2130688415521964
-0.2336081453489249,-1.9374386413688816,0.7211456049652762,-1.2059548940304936,-0.1837338117031117,1.0218524346936455,-0.22493914767368908,-0.5339639658921604,-0.2692312663337597,0.693632252581742,3.0201741480047893e-16,5.42965418860755e-16,0.1159855936200259,0.27822404052239696,0.4100482631358511,1.1220837040223357,-0.019055283217632918,0.20552995174646918
-0.2517897065918353,-1.8283259009725863,0.7320715246745436,-1.1833947940681357,-0.10612269105707987,0.994053758946279,-0.19100611146563268,-0.47951770967020707,-0.21383343182481393,0.5847375072796539,4.471183028256094e-16,2.70323408293729e-16,0.2267979471785258,0.3182085177148696,0.2560842844399749,1.2100351878679594,-0.12062279614379597,0.1982955303173787
-0.2692705017479895,-1.7234186579525181,0.7425763301628393,-1.1617042208068258,-0.031502910955309084,0.9673265186471807,-0.15838094539466616,-0.42716995804867997,-0.16057077829317482,0.4800398572387556,5.226987529045468e-16,3.896634899776756e-17,0.3333392957155115,0.3566518860202222,0.10805449002072118,1.2945967858651972,-0.21827562497743752,0.1913399428743843
0.008185844690291552,-1.2589342778922625,0.17276179652704243,-1.25525403296676,-0.6675565165830779,0.08514676418374179,-0.698467453427037,-0.3153869207180674,0.23989157552835402,0.5950004726757345,3.3128873522632504e-15,3.569998599182869e-15,0.5312334784849032,-0.15809701161530101,-0.058566843815618094,-0.6627999789956414,-0.21996457822154644,0.4179509325268128
-0.24051289702712292,-1.87667670152114,0.7216372010401648,-1.195112157201893,-0.14928407399533655,0.9994407215336553,-0.21225448438798597,-0.5047331508097173,-0.236887723212364,0.6382413760455198,4.1019784878387623e-16,4.3159732704843407e-16,0.17520921448325197,0.29427475040758727,0.328745343857582,1.1499019402628219,-0.07170738349978564,0.20383710301251226
-0.2450448190571256,-1.8879335357100808,0.7316391034231936,-1.1940162196437765,-0.13983983521918902,1.016101477026823,-0.20339445055570868,-0.5081835194988573,-0.24557585163831083,0.6390293350083415,3.8331730258780725e-16,3.6632257219370127e-16,0.1687215491492717,0.3025181115919077,0.33580315453922643,1.1829339681089859,-0.0690057612791578,0.19993540582577435
-0.24597698373710072,-1.8902489381309073,0.7336963806826644,-1.1937907977860367,-0.1378972630041126,1.0195284044341386,-0.20157204263537015,-0.5088932209905459,-0.24736290057695967,0.639191409181187,3.6525727186735164e-16,3.4116717322458945e-16,0.1673871103747742,0.3042136769810362,0.3372548657098567,1.1897282795429212,-0.06845006839741073,0.19913287120903617
-1.4415095316364257,1.8578572682027958,0.6489269370328272,-0.6672963617000376,-0.6440400450889193,-0.2728455770652387,0.06169863323425888,-0.15137582370309355,0.027082797615670905,0.2877392363001891,1.2627218943772612e-15,2.5699028188875642e-15,0.26929071678165684,-0.3083120490429594,0.9261489274582461,-0.24317149181901918,0.9194843294360714,1.4683217252634773
-0.6928552997082461,2.9294904901757457,1.2455335906822227,-0.359678049711039,-2.698673964641396,-2.0370794278856246,4.394489077513789,3.3031556303735274,-1.5706349660544547,6.545226129615573,-8.204151635270064,-10.457585642317623,-0.5360656967196452,0.890862470845483,-0.8940683950773739,0.007183680046527484,-0.616089097001387,-0.45848614602917104
-0.6928552997082459,2.9294904901757417,1.2455335906822245,-0.3596780497110342,-2.698673964641401,-2.0370794278856232,4.394489077513808,3.3031556303735106,-1.5706349660546703,6.545226129615484,13.158610646133521,-1.8762109114846948,-0.5360656967196452,0.8908624708454855,-0.8940683950773752,0.007183680046518754,-0.6160890970013845,-0.4584861460291724
-0.6928552997082464,2.9294904901757435,1.2455335906822222,-0.3596780497110417,-2.6986739646413938,-2.0370794278856184,4.394489077513774,3.303155630373552,-1.5706349660546177,6.545226129615494,-4.954459010863437,12.333796553802342,-0.5360656967196448,0.89086247084549,-0.8940683950773749,0.007183680046527114,-0.616089097001388,-0.4584861460291746
-1.0030748753581915,1.5146863888213085,0.06534489543931588,-0.33198168025632613,-0.5980586593749498,1.64065323727982,1.0725489593159578,1.0019266840422525,1.1466402699559788,0.3987628204114917,1.1383487050209841e-14,8.017525701879504e-15,4.002837642697498,0.0028670442339365568,2.312981894226714,-0.7035715200368966,0.7513403064401114,0.6596895671101382
-1.4505613227821164,1.5727317712285322,0.7018582549486825,-0.7865227955942058,-0.8898835429252724,-0.4711197850868421,-0.19277592994516132,-0.4901598837709705,-0.30962545664560864,0.6066347489331465,-6.584586461785116e-16,2.11393005006547e-15,-0.6258911693960745,-0.47762019331255195,1.1945666075746832,-0.44573380124080114,1.2572312251822542,1.610570529466827
-1.3165717647603699,-0.2964463617390298,1.9063190289288174,-1.418823215970052,1.0953845465356715,2.5430642012962794,1.8679459581044187,1.0609811597123382,-1.0669845391328254,-1.6891819565258666,-1.5231472086783805e-14,-1.1553889780794868e-14,-1.92588811658177,-0.052631729672298525,-0.8232487692836241,-0.8349011845715314,0.14314410691569568,0.22218549377904515
-1.2027871666550365,-0.44401948183600326,1.763051433148096,-1.3542883129929904,1.0582805830502438,3.0078726822661963,2.083509822682699,1.2972217676766715,-0.8392254472472853,-1.5960544324522203,-1.289886078184759e-14,-1.0233763345849801e-14,-1.1207559113775234,-0.004488676013162278,-0.40385059896430914,-0.9968504542748363,0.16644143418308932,0.037466282377678274
-1.1473214656584032,-0.5159558132089171,1.6932138825270202,-1.322829981268174,1.0401937999641218,3.234449289781311,2.1885890782011796,1.4123801559190123,-0.7282014782730872,-1.550658276110886,-1.1755706767493013e-14,-9.541252055790179e-15,-0.7282843211955322,0.01897924727159229,-0.19940980556332616,-1.0757946164862395,0.1777980027323561,-0.052577367804550905
-1.0907857724629617,-0.5892798727092472,1.6220290914851845,-1.2907647849598713,1.0217581036495365,3.4653968003611535,2.2956954240050247,1.5297600716068296,-0.6150357391860339,-1.5043863797668406,-1.0606547467679692e-14,-8.858881959325401e-15,-0.32824153778596193,0.04289989168644503,0.008974867571016856,-1.1562616953143947,0.18937365153364524,-0.14435805549853978
-1.0777758103770005,-0.34565846209555423,1.6088789076979153,-1.1908749870327549,1.1582829135566026,2.6461152667692365,1.711238282684852,0.9675460086849158,-1.0996495696736943,-1.7272783692304483,-1.5475533660924722e-14,-1.2296903050156183e-14,-1.9419751274493149,0.4604111047327154,-0.7532497325115133,-0.949020222981707,0.005185794059617254,-0.15344903286805622
-1.0106185230012186,-0.4327582154920449,1.524320335960671,-1.1527855698606109,1.1363836268335905,2.9204518400047546,1.8384671400379053,1.1069785739272122,-0.965222915795242,-1.672313180611341,-1.4111235566920548e-14,-1.1558724918207292e-14,-1.4667746540922382,0.488825819409137,-0.5057149701798138,-1.0446049842487346,0.018936207810128846,-0.26247293742520617
-0.9138797847543201,-0.5582236798435873,1.4025153933034633,-1.0979185211489064,1.104838139383554,3.315628223489119,2.021737781391525,1.3078284140434793,-0.7715839915458462,-1.5931369184022655,-1.215599928640837e-14,-1.0332853911405538e-14,-0.7822578130580995,0.5297566513836565,-0.14914606282919146,-1.1822929338656178,0.038743405637433906,-0.41951970595523264
-0.8570725473566871,-0.6318999190398416,1.3309886975957594,-1.0656993138493613,1.0863138953539833,3.547684988311086,2.1293585651650333,1.4257721122509257,-0.6578747108729576,-1.546642775465556,-1.0974373134039384e-14,-9.68775433434333e-15,-0.38029360103726756,0.5537921880362517,0.06023949393488794,-1.263146500724398,0.05037465294899029,-0.5117412215971562
-0.8455605626396375,-0.30746433623239583,1.8605124541761637,-1.4872196047330941,0.8788889109537711,2.8258334628292707,1.7600726890978744,0.9962300535734031,-1.060662841444132,-1.6555685955673425,-1.503151298127205e-14,-1.1821375042144754e-14,-1.708568292039075,0.5376125304250015,-0.6390602925107312,-0.8989639721073558,-0.20403052624387397,0.4708939404656155
-0.8455605626396375,-0.30746433623239583,1.8605124541761637,-1.4872196047330941,0.8788889109537711,2.8258334628292707,1.7600726890978744,0.9962300535734031,-1.060662841444132,-1.6555685955673425,-1.503151298127205e-14,-1.1821375042144754e-14,-1.708568292039075,0.5376125304250015,-0.6390602925107312,-0.8989639721073558,-0.20403052624387397,0.4708939404656155
-0.6993675869679454,-0.4970695544725735,1.6764390690847673,-1.4043037298431824,0.8312169156093128,3.4230297097899274,2.0370339240517956,1.299757227091423,-0.7680329079253102,-1.5359162868369451,-1.2109799315674341e-14,-1.0092823141801275e-14,-0.6741165749537955,0.5994677936991726,-0.10020821998783264,-1.1070399862605746,-0.17409760337794608,0.2335626001246729
-0.6582210515744136,-0.5504346206617869,1.624630957102155,-1.3809667605724762,0.8177994621734787,3.5911127274557963,2.114985653293972,1.38518603467042,-0.6856711674831494,-1.5022397169916923,-1.1229182519592383e-14,-9.543028617177246e-15,-0.38296644277825165,0.6168771785748358,0.05145362130154083,-1.1656037239611285,-0.1656728752781455,0.16676484633065214
0.9050541134044316,-1.716936798998329,9.680601691694347,6.387765391930834,0.876024208769147,-1.8410613201267976,-1.3346735174226287,-0.5141007254594256,-0.03882708676595191,0.15907339620113117,-6.217036120151841e-16,4.224242674341047e-16,-0.881511014588864,0.16371639614101594,-0.6707188225645272,-0.23604263319254348,-0.015656262387435622,0.34133448121084997
1.0191679025484388,-1.8649368639498267,9.536919607402448,6.452487001299582,0.8388128995402518,-1.3749080983994901,-1.118486003478239,-0.27717664809406695,0.18959093658547962,0.25247034818408565,1.5918610658435442e-15,1.2754964247428301e-15,-0.07404947561436208,0.21199873281475115,-0.2501072883839807,-0.3984604394921355,0.007708466544939127,0.15608085733119562
1.1940093387414463,-2.0916977497891605,9.3167745910881,6.551651346113988,0.7817989418318487,-0.6606832936307575,-0.7872505260782883,0.08583071732595648,0.5395656027034624,0.39557012029086913,5.158780837711912e-15,3.5240243265899287e-15,1.1631168318399956,0.2859753586906738,0.3943400239619894,-0.647311719690201,0.043507144280908586,-0.12775871983158435
1.2606067958649618,-2.178071430426884,9.232920908550478,6.589423245875034,0.760082209879729,-0.3886336190923399,-0.6610822619399233,0.224100957953546,0.6728716617739229,0.45007711328277183,6.5656499806535465e-15,4.330108745168772e-15,1.6343559837787704,0.31415320529950425,0.6398113103276998,-0.7420996762752058,0.05714293312771255,-0.2358737895864915
-1.0932093009653503,1.8445003044304407,-0.12942536487466835,0.22289645660176186,0.1738253942513368,-0.42469385412935806,-0.3348446050973881,-0.3711462087654365,0.03827056366645546,-0.4216302003603577,-8.034312767854769e-16,-8.632425541250949e-16,-0.024977876580598777,0.07365320399685076,-0.012682908790102268,-0.09778400870352609,-0.3176059152688201,-0.4825087069690472
-1.1707521686591915,1.9450696531594642,-0.031790180417146416,0.17891667791016153,0.1991113097388109,-0.7414553767166272,-0.48174884792903205,-0.5321414094544868,-0.1169445833941393,-0.48509551463086037,-2.4207377984136133e-15,-1.8187665472894144e-15,-0.573666021582515,0.040844278163039,-0.2984978378194608,0.012582517195632916,-0.3334827702737768,-0.35662473313853643
-0.9731745492532345,1.821059692712476,0.534910336527755,-0.3571001851448356,-0.16453775579226532,-0.5610137076270415,-0.3620444581233726,-0.516396059092608,-0.05334791462435015,-0.4359824537766945,-2.0484305380370785e-15,-1.0762082673139066e-15,-0.41855336021207895,-0.7643892022757164,-0.33802367623231516,0.1774568392753592,-0.8346991215093145,0.2190464416858333
-0.9949975506943171,1.8004732914997406,0.09884486591440286,0.0058103707294026655,0.02254611821918934,-0.3439337623340308,-0.2874404505584627,-0.36926333325124067,0.06092911841025743,-0.40262922200948037,-7.254634757518591e-16,-6.538482997786481e-16,0.039217952964224145,-0.24230920579583848,-0.03215050160695235,-0.027815114199393847,-0.5149385721077002,-0.2393460352230271
-1.0725404183881582,1.9010426402287648,0.1964800503719248,-0.038169407962197685,0.0478320337066634,-0.6606952849213001,-0.4343446933901069,-0.5302585339402908,-0.09428602865033739,-0.46609453627998293,-2.3008518488225142e-15,-1.506486573415868e-15,-0.5094701920376926,-0.27511813162965026,-0.31796543063631116,0.08255141169976515,-0.5308154271126567,-0.11346206139251623
-1.0163540468843633,1.8770614125915295,0.5892781764255979,-0.38159018411326884,-0.1504573747028897,-0.7374013474057546,-0.44384761544786633,-0.6060457211894875,-0.13977897236237266,-0.47132291085163497,-2.8810725164933843e-15,-1.4989480264751413e-15,-0.7240885971971341,-0.7826587475924348,-0.4971788044601117,0.2389140858971157,-0.8435400973909785,0.2891445295109153
-0.9330062163853073,1.7689633078843074,0.48433389145229516,-0.3343180203567482,-0.17763622764890769,-0.3969266335034279,-0.2859459244829801,-0.43299820441241316,0.027055788239600705,-0.40310649825683365,-1.1716908580507886e-15,-4.222636452161693e-16,-0.13432492367628343,-0.747393701681967,-0.18996738750692288,0.12028537423104749,-0.8264746797817667,0.1538367130035523
-0.8956316815593929,1.720490343983452,0.4372751520702332,-0.3131204064532355,-0.18982367127973918,-0.24425218503977197,-0.21514021529172878,-0.35540085840355756,0.10186723243624464,-0.37251713950619175,-4.59815836629517e-16,-1.1626645965026205e-16,0.13013478478983778,-0.7315802764419045,-0.05220874720295656,0.06709031337620021,-0.8188222665043579,0.09316246785532249
-1.2139316662903201,2.0010713730385183,0.022577659480696562,0.15442667894172843,0.21319169082818634,-0.9178430164953403,-0.563552005253526,-0.6217910715513664,-0.20337564113216158,-0.5204359717058009,-3.3014233054204046e-15,-2.323112695426669e-15,-0.8792012585675705,0.022574732846320427,-0.4576529660472576,0.07403976381738932,-0.34232374615544053,-0.2865266453134543
-1.1707521686591915,1.9450696531594642,-0.031790180417146416,0.17891667791016153,0.1991113097388109,-0.7414553767166272,-0.48174884792903205,-0.5321414094544868,-0.1169445833941393,-0.48509551463086037,-2.4207377984136133e-15,-1.8187665472894144e-15,-0.573666021582515,0.040844278163039,-0.2984978378194608,0.012582517195632916,-0.3334827702737768,-0.35662473313853643
-1.0932093009653503,1.8445003044304407,-0.12942536487466835,0.22289645660176186,0.1738253942513368,-0.42469385412935806,-0.3348446050973881,-0.3711462087654365,0.03827056366645546,-0.4216302003603577,-8.034312767854769e-16,-8.632425541250949e-16,-0.024977876580598777,0.07365320399685076,-0.012682908790102268,-0.09778400870352609,-0.3176059152688201,-0.4825087069690472
-1.1157199160192872,1.9570443601078178,0.25084789026976784,-0.06265940693063062,0.06191241479603871,-0.8370829247000136,-0.5161478507146006,-0.6199081960371705,-0.18071708638835995,-0.5014349933549235,-3.170055900037419e-15,-2.0401021185069906e-15,-0.8150054290227479,-0.29338767694636886,-0.4771205588641079,0.14400865832152157,-0.5396564029943206,-0.043363973567434225
-1.0725404183881582,1.9010426402287648,0.1964800503719248,-0.038169407962197685,0.0478320337066634,-0.6606952849213001,-0.4343446933901069,-0.5302585339402908,-0.09428602865033739,-0.46609453627998293,-2.3008518488225142e-15,-1.506486573415868e-15,-0.5094701920376926,-0.27511813162965026,-0.31796543063631116,0.08255141169976515,-0.5308154271126567,-0.11346206139251623
-1.032372085520231,1.8489462554005958,0.14590360529646493,-0.015387243174110062,0.034733561850020925,-0.4966082107976869,-0.3582461597497141,-0.4468606792600962,-0.013882325786386766,-0.4332185807601224,-1.4931833488223444e-15,-1.1364478459980439e-15,-0.2252417555018971,-0.258122631035901,-0.16990914191091855,0.025379946655453456,-0.5225909853851094,-0.17867179007479728
-1.1002310456031983,2.0672220006455357,0.21312029185661957,-0.0038102399212636227,0.16603423762293848,-0.7030328354158837,-0.38266447498872364,-0.4473365579804686,-0.009914793231495418,-0.6319418888560777,-2.1037862402490545e-15,-1.7640757721626159e-15,-0.34070231054423167,-0.21422153218295822,-0.5524534969608823,0.21650205101179887,-0.6855033606746763,-0.12448012877589608
-1.0600627127352704,2.0151256158173667,0.1625438467811596,0.01897192486682392,0.15293576576629617,-0.5389457612922699,-0.30656594134833093,-0.36393870330027406,0.07048890963245513,-0.5990659333362168,-1.3060965736899674e-15,-1.3188489444909426e-15,-0.056473874008436495,-0.19722603158920912,-0.40439720823548986,0.15933058596748711,-0.6772789189471288,-0.1896898574581772
-1.0226881779093566,1.9666526519165117,0.11548510739909751,0.04016953877033653,0.14074832213546448,-0.38627131282861404,-0.2357602321570796,-0.2863413572914184,0.14530035382909925,-0.5684765745855751,-5.374279587519388e-16,-9.046595170681358e-16,0.207985834457685,-0.18141260634914647,-0.2666385679315233,0.10613552511263985,-0.6696265056697195,-0.25036410260640707
-0.987906295376566,1.9215422326358746,0.07169080860843606,0.05989668508002642,0.12940631521238,-0.24418781247319515,-0.1698662786614118,-0.21412689933741824,0.214922166549344,-0.5400091839471638,1.787873896127165e-16,-4.3338084155111753e-16,0.45410010871874434,-0.16669615029951682,-0.13843617378139808,0.056630578319427985,-0.6625049363726842,-0.30682940651831525
-0.8949259859500156,1.9121571794173278,0.13539841892795598,-0.11130362695092637,-0.15721780952750536,-0.21924870906753222,-0.3151491313398284,-0.316746667312126,0.14827370874800502,-0.39716742821577794,2.1174107549123808e-16,-3.5410557384892164e-16,0.310920715304001,0.2703586115395003,0.17610453482022284,-0.0826555677640607,-0.41280410841867454,-0.18083729894403605
-0.8849965075229845,2.0975179919570706,0.25647114902204876,-0.25558640796186605,-0.29343464338254194,-0.3810692551466086,-0.4601184480321383,-0.4029231250736496,0.09844082933446394,-0.44946327455635604,-3.032195165241415e-16,-7.676739482424028e-16,0.08874415375887083,0.6756248120297884,0.11584937029698592,-0.03581204047223639,-0.3200248793047411,-0.04418116262268573
-0.8936622353174469,2.2724654540114235,0.37888964978995476,-0.39212040999303355,-0.41265101047136715,-0.5551411509479647,-0.5987574532359801,-0.4901403691995381,0.045187531644054466,-0.504699110678093,-8.394850184250405e-16,-1.2992273514595651e-15,-0.15325792669858945,1.0167873935137544,0.036374154843956306,0.01684232787656086,-0.22546598204719312,0.06799820382274488
-0.9176826564202802,2.4394750316630938,0.5037377906460317,-0.523325996311629,-0.5183827777141611,-0.741812792154161,-0.7339616280778257,-0.5798615674865165,-0.01211795811519461,-0.5630344912246654,-1.3971452698694351e-15,-1.9038277909487536e-15,-0.41636712020289274,1.305441356927434,-0.06116744114230109,0.07515824030590966,-0.1309389043362871,0.1607372117106541
-0.8497756664218701,2.625184291461202,0.562076103796574,-0.6646191760363855,-0.6940252248653476,-0.49405751379185153,-0.6602011378241381,-0.38252194972329306,0.23604408677304337,-0.6370377793980833,7.074332538677281e-16,-1.0783470348645972e-15,0.25662084578448185,1.8614081770971698,0.1890529487729037,0.03877390592414439,0.009209377104814937,0.026317642441642863
-0.8953890474548778,2.7633918624459306,0.6831630739207871,-0.7824748766508993,-0.7771185562353421,-0.6713098775649443,-0.7739538941249683,-0.4605680433260587,0.18803705075654192,-0.6954949079856141,5.373390025225368e-17,-1.5214135809311986e-15,0.009922431804302896,2.045411299562624,0.08625266339270073,0.09635755824637472,0.10025943090071811,0.061713958638499246
-0.9490917315226118,2.899124481747286,0.8082934295937036,-0.8999406945423842,-0.854578407296934,-0.8603781741938092,-0.8898379521623649,-0.5433042786920723,0.13547378521883527,-0.7570321364664323,-3.8483806133063515e-16,-2.0413143878866066e-15,-0.25748944247227934,2.204063734817439,-0.03025541456910548,0.15857914465576992,0.1885010504988325,0.08838761928837614
-0.8547032693167043,2.8318228161334367,0.7421254669064933,-0.9295791924337535,-0.97808021808364,-0.4268667983708396,-0.7144042335796055,-0.3085863650437211,0.38912385234460783,-0.6945504109573074,2.10088341097857e-15,-6.609948712551371e-16,0.5532560723152025,2.406937587206058,0.41251454312876296,0.004273144163763128,0.3055850947212038,-0.14426688881351177
-0.9869887881941104,3.1509975996904247,0.9943443822820628,-1.1381699440900017,-1.0621601883698757,-0.7941406585601518,-0.8953543333829821,-0.4127405258485736,0.3466250354439803,-0.8965824118781773,1.1955278552063943e-15,-1.631573043426709e-15,0.15535273382559067,2.6683488737013024,0.0820586832949604,0.18519333783855094,0.3955350854037496,-0.16385432217194246
-1.0547699182679386,3.269545695477168,1.1230161915792658,-1.2529333321918557,-1.1292456418855346,-0.9845601138966606,-1.0046605021264654,-0.4931148070576586,0.2977087536116129,-0.9612629366795646,5.37162303932158e-16,-2.1067892409685735e-15,-0.1151925708131158,2.7627347919875596,-0.04295045489508778,0.24884070170966513,0.4742802983611574,-0.17783488428109145
-0.9725239864353109,3.187329636779042,1.060784606233546,-1.2813724801569484,-1.2448518630542933,-0.5524107383871079,-0.8244090730550333,-0.25659191720671376,0.5548760239104941,-0.9019168784569328,3.194936438044586e-15,-5.602374343917045e-16,0.6926418316733162,2.911124732009129,0.3928668588649635,0.09559497654416164,0.5820563756932097,-0.44745930989024046
-1.0528780300216796,3.3729046317010556,1.1929053249447108,-1.3771713318907153,-1.255022312411996,-0.7418639357348383,-0.8976860187298253,-0.2855460779105713,0.5588316927267687,-1.043199901034926,2.7385017045023612e-15,-1.1338449107796748e-15,0.5397978157228466,3.017452431853742,0.1731307838419092,0.21598691959332025,0.5835553225719545,-0.4910754613634084
-1.201049608149223,3.5886666419253714,1.4549006564753268,-1.6080721474167805,-1.3846301105881567,-1.1141209444848923,-1.108443813554036,-0.43897070290113516,0.4724037111828742,-1.1757551877627748,1.6682062097816177e-15,-2.195570817893187e-15,0.014292915379845126,3.146364426753044,-0.07332598339741264,0.3398979295829474,0.7275515672845969,-0.5756095432184016
-1.1268146519749855,3.497866425092981,1.3975515104314118,-1.6390413870284397,-1.498477028178444,-0.6837587820965074,-0.9276732111260445,-0.20178720808656525,0.7328640698761995,-1.1195482769950045,4.2018989669345395e-15,-6.962410458519113e-16,0.8199242750121944,3.265759133424616,0.35957765638982225,0.18677962113838378,0.8280118839468371,-0.8728665131653979
6.880928322218867,1.3464534021407,0.744228759633168,-2.3458300728494197,3.362191209028744,-1.2203572354936842,-0.45360544462207675,-0.5690046433279661,-0.5724965300291319,1.119568927297635,-7.335331751394559e-16,1.5614853963281206e-15,-1.6585909398825796,-0.5303068855109879,0.8006617234787734,-0.42410282148057143,0.8816568020439617,0.16207853555972548
7.178155934555929,0.9609635655377755,0.3699857941682372,-2.177252291289569,3.26526840349397,-0.006186624592429004,0.10948950708166866,0.048102003894123946,0.02245473926769166,1.36283622431483,5.470914254428035e-15,5.423093384032782e-15,0.4445717636232147,-0.4045478185723001,1.896211726363568,-0.8471459710383348,0.9425139749199634,-0.32044415267605736
6.794902467946423,1.8627191165748027,0.7959246268991544,-2.2390872114523925,3.729407360899086,-1.351886359800448,-0.29305166220176687,-0.31139278916136104,-0.31038229380897453,0.6043346542208392,-2.8339807134233356e-17,9.997359603103877e-16,-1.1342835247244327,-0.34112077755446213,0.07218287518066513,-0.007961356440050978,0.4010912472455502,0.12784895124132498
6.9697439041394285,1.6359582307354679,0.5757796105848035,-2.139922866637986,3.6723934031906817,-0.637661555031714,0.038183815198183826,0.051614576258662725,0.03959237230900844,0.7474344263276225,3.5140601432349392e-15,3.0460171379960482e-15,0.10288278272992528,-0.2671441516785392,0.7166301875266347,-0.2568126366381158,0.4368899249815197,-0.15599062592145505
6.722366161669953,2.2980302018170846,0.8395141651019079,-2.14908249191075,4.039041057501219,-1.4627906562550437,-0.15767400819321373,-0.09417655210896662,-0.08936968453369208,0.1698932720094942,4.2069192523077355e-16,1.239028413568063e-16,-0.6921917423110915,-0.18160057765586654,-0.5420646124261761,0.34292576950374454,-0.004117751416433732,0.09898684190414363
6.897207597862962,2.0712693159777507,0.6193691487875573,-2.0499181470963435,3.9820270997928158,-0.7485658514863107,0.17356146920673682,0.26883081331105685,0.26060498158429085,0.31299304411627776,4.009664135508686e-15,2.330058780895312e-15,0.5449745651432664,-0.10762395177994402,0.10238269991979398,0.09407448930567969,0.03168092631953568,-0.1848527352586365
7.019593774007016,1.9125403652141608,0.4652711996369776,-1.9805047103508997,3.942118251966448,-0.2486200453537892,0.4054209435105319,0.5229300951131236,0.5055815847631318,0.41316056902668963,6.516473969674119e-15,3.821066879207822e-15,1.4109709611947028,-0.05584151071717854,0.5534853904586199,-0.08011738005401922,0.056739421459567875,-0.3835358463316396
6.659413954547499,2.6758243714902177,0.8773442915333979,-2.0709699433479845,4.307763378793633,-1.5590413560710796,-0.040183574059214605,0.0943392718587545,0.10244090343232705,-0.20714610701948968,9.5572553612595e-16,-2.197870801093336e-16,-0.3085127974865987,-0.04315751128359697,-1.0751526210282925,0.6474507744692102,-0.3557871721673034,0.07393823413439916
6.834255390740503,2.4490634856508833,0.6571992752190478,-1.9718055985335785,4.2507494210852315,-0.8448165513023462,0.29105190334073594,0.4573466372787779,0.4524155695503097,-0.06404633491270634,4.438818357048947e-15,1.7569685676656554e-15,0.9286535099677584,0.030819114592325624,-0.4307053086823225,0.39859949427114527,-0.3199884944313341,-0.20990134302838082
-0.26601990707890344,-0.7995596923547271,0.24153351292133504,-1.1571419054474468,-0.3043807867410398,0.007064446198607462,-0.36552876322311884,0.03791516601437268,0.515913507758947,0.234945874762859,4.49262336029691e-15,3.5567100422227404e-15,1.1746394357457675,-0.29735043819290413,-0.5903139073347923,-0.3117952494095524,-0.21543451235458957,0.4891034594934393
-0.23395899995223846,-0.7823108827883158,0.2891895431120426,-1.1689791451286151,-0.28419163438628015,-0.21578962415548594,-0.5357381674681804,-0.14183976905500625,0.37410458498187504,0.16523999888599555,2.9908326787091826e-15,2.6464543140738503e-15,0.6811515588610739,-0.3458757321496644,-0.8426057252113585,-0.23416633941686557,-0.3877230114183338,0.4646279883038525
-0.243745618497725,-0.7899733898937573,0.2710555681831463,-1.1641424765481845,-0.2916031074919132,-0.1333452062674525,-0.47437060829458033,-0.07693204686235049,0.4257855969951144,0.1904275219808769,3.572173950105297e-15,2.9777621632771456e-15,0.8611428727211345,-0.3285331999506838,-0.750497237384887,-0.26288543631836975,-0.3278436655122698,0.47097558238468695
-0.5218116585831565,-0.5405932318540063,0.45470296862956777,-1.2650773495239807,-0.25888148863698285,-0.6001025164236657,-0.564401147576269,-0.1884219859679144,0.25874078567200776,0.14429386451918721,2.0907135549057147e-15,2.2291826075295933e-15,0.2558684386213069,-0.3287611734646112,-1.0748072227130152,-0.10022265724423672,-0.04653608633990324,0.8702467233584182
-0.6672966699494776,-0.45363332327448563,0.4296343355738554,-1.2539837338130773,-0.24900516599183262,-0.5198376132234787,-0.40485310868322166,-0.020949672560898344,0.35764187001238357,0.20577455034740308,3.252659392049413e-15,3.0571014169672705e-15,0.6030832034864168,-0.21070439773364047,-0.8977509324684441,-0.1394708235217655,0.302959661344156,1.0197524011805819
